,ligand_name,ligand_smiles,electrophile_name,electrophile_id,electrophile_smiles,nucleophile_name,nucleophile_id,nucleophile_smiles,product_smiles,yield,A-caPhos,BrettPhos,CX-FBu,CX-PICy,Cy-DavePhos,Cy-vBRIDP,Kwong,MeO-KITPHOS,P(o-Anis)3,Et-PhenCar-Phos,JackiePhos,"P(3,5-CF3-Ph)3",P(fur)3,Ph-PhenCar-Phos,PPh2Me,PPhtBu2,tBPh-CPhos,PPhMe2,Cy-BippyPhos,PCy3 HBF4,CgMe-PPh,PPh3,X-Phos,PnBu3 HBF4,e1,e2,e3,e5,e9,e4,e7,e10,nD,nB,nC,nA,nE,nF,nI,nG
385,BrettPhos,COc1ccc(OC)c(P(C2CCCCC2)C2CCCCC2)c1-c1c(C(C)C)cc(C(C)C)cc1C(C)C,1-Benzyl-5-bromo-1H-indole,e9,Brc1ccc2c(ccn2Cc2ccccc2)c1,"1-Benzyl-2,4-dimethyl-1H-imidazole",nE,Cc1cn(Cc2ccccc2)c(C)n1,Cc1nc(C)n(Cc2ccccc2)c1-c1ccc2c(ccn2Cc2ccccc2)c1,1.14,0,1,0,0,0,0,0,0,0,0,0,0,0,0,0,0,0,0,0,0,0,0,0,0,0,0,0,0,1,0,0,0,0,0,0,0,1,0,0,0
1187,"P(3,5-CF3-Ph)3",FC(F)(F)c1cc(P(c2cc(C(F)(F)F)cc(C(F)(F)F)c2)c2cc(C(F)(F)F)cc(C(F)(F)F)c2)cc(C(F)(F)F)c1,Ethyl 4-bromo-1-ethylpyrrole-2-carboxylate,e1,CCOC(=O)c1cc(Br)cn1CC,1-Isopropylimidazole,nB,CC(C)n1ccnc1,CCOC(=O)c1cc(-c2cncn2C(C)C)cn1CC,3.01,0,0,0,0,0,0,0,0,0,0,0,1,0,0,0,0,0,0,0,0,0,0,0,0,1,0,0,0,0,0,0,0,0,1,0,0,0,0,0,0
1008,A-caPhos,CN(C)c1ccc(P(C2CCCCC2)C2CCCCC2)cc1,5-Bromo-N-tert-butylpyridine-3-sulfonamide,e5,CC(C)(C)NS(=O)(=O)c1cncc(Br)c1,4-(1H-Imidazol-1-yl)benzonitrile,nG,N#Cc1ccc(-n2ccnc2)cc1,CC(C)(C)NS(=O)(=O)c1cncc(-c2cncn2-c2ccc(C#N)cc2)c1,5.85,1,0,0,0,0,0,0,0,0,0,0,0,0,0,0,0,0,0,0,0,0,0,0,0,0,0,0,1,0,0,0,0,0,0,0,0,0,0,0,1
1169,PPhMe2,CP(C)c1ccccc1,Ethyl 4-bromo-1-ethylpyrrole-2-carboxylate,e1,CCOC(=O)c1cc(Br)cn1CC,1-Methylimidazole,nA,Cn1ccnc1,CCOC(=O)c1cc(-c2cncn2C)cn1CC,5.54,0,0,0,0,0,0,0,0,0,0,0,0,0,0,0,0,0,1,0,0,0,0,0,0,1,0,0,0,0,0,0,0,0,0,0,1,0,0,0,0
661,Ph-PhenCar-Phos,c1ccc(P(c2ccccc2)c2ccccc2-n2c3ccccc3c3ccccc32)cc1,2-Bromobiphenyl,e4,Brc1ccccc1-c1ccccc1,1-Isopropylimidazole,nB,CC(C)n1ccnc1,CC(C)n1cncc1-c1ccccc1-c1ccccc1,0.08,0,0,0,0,0,0,0,0,0,0,0,0,0,1,0,0,0,0,0,0,0,0,0,0,0,0,0,0,0,1,0,0,0,1,0,0,0,0,0,0
366,Kwong,c1ccc(-c2cc3ccccc3n2P(C2CCCCC2)C2CCCCC2)cc1,5-Bromobenzofuran,e3,Brc1ccc2occc2c1,"1-Benzyl-2,4-dimethyl-1H-imidazole",nE,Cc1cn(Cc2ccccc2)c(C)n1,Cc1nc(C)n(Cc2ccccc2)c1-c1ccc2occc2c1,14.14,0,0,0,0,0,0,1,0,0,0,0,0,0,0,0,0,0,0,0,0,0,0,0,0,0,0,1,0,0,0,0,0,0,0,0,0,1,0,0,0
576,A-caPhos,CN(C)c1ccc(P(C2CCCCC2)C2CCCCC2)cc1,1-Bromo-2-fluorobenzene,e7,Fc1ccccc1Br,"1-Benzyl-2,4-dimethyl-1H-imidazole",nE,Cc1cn(Cc2ccccc2)c(C)n1,Cc1nc(C)n(Cc2ccccc2)c1-c1ccccc1F,0.0,1,0,0,0,0,0,0,0,0,0,0,0,0,0,0,0,0,0,0,0,0,0,0,0,0,0,0,0,0,0,1,0,0,0,0,0,1,0,0,0
656,P(o-Anis)3,COc1ccccc1P(c1ccccc1OC)c1ccccc1OC,2-Bromobiphenyl,e4,Brc1ccccc1-c1ccccc1,1-Isopropylimidazole,nB,CC(C)n1ccnc1,CC(C)n1cncc1-c1ccccc1-c1ccccc1,0.48,0,0,0,0,0,0,0,0,1,0,0,0,0,0,0,0,0,0,0,0,0,0,0,0,0,0,0,0,0,1,0,0,0,1,0,0,0,0,0,0
152,P(o-Anis)3,COc1ccccc1P(c1ccccc1OC)c1ccccc1OC,Ethyl 4-bromo-1-ethylpyrrole-2-carboxylate,e1,CCOC(=O)c1cc(Br)cn1CC,1-Methyl-1H-imidazole-4-carbonitrile,nC,Cn1cnc(C#N)c1,CCOC(=O)c1cc(-c2c(C#N)ncn2C)cn1CC,26.49,0,0,0,0,0,0,0,0,1,0,0,0,0,0,0,0,0,0,0,0,0,0,0,0,1,0,0,0,0,0,0,0,0,0,1,0,0,0,0,0
583,MeO-KITPHOS,COc1ccccc1C1=C(P(C2CCCCC2)C2CCCCC2)C2c3ccccc3C1c1ccccc12,1-Bromo-2-fluorobenzene,e7,Fc1ccccc1Br,"1-Benzyl-2,4-dimethyl-1H-imidazole",nE,Cc1cn(Cc2ccccc2)c(C)n1,Cc1nc(C)n(Cc2ccccc2)c1-c1ccccc1F,1.6,0,0,0,0,0,0,0,1,0,0,0,0,0,0,0,0,0,0,0,0,0,0,0,0,0,0,0,0,0,0,1,0,0,0,0,0,1,0,0,0
1175,PnBu3 HBF4,CCCCP(CCCC)CCCC,Ethyl 4-bromo-1-ethylpyrrole-2-carboxylate,e1,CCOC(=O)c1cc(Br)cn1CC,1-Methylimidazole,nA,Cn1ccnc1,CCOC(=O)c1cc(-c2cncn2C)cn1CC,5.06,0,0,0,0,0,0,0,0,0,0,0,0,0,0,0,0,0,0,0,0,0,0,0,1,1,0,0,0,0,0,0,0,0,0,0,1,0,0,0,0
1222,X-Phos,CC(C)c1cc(C(C)C)c(-c2ccccc2P(C2CCCCC2)C2CCCCC2)c(C(C)C)c1,1-Bromo-2-fluorobenzene,e7,Fc1ccccc1Br,1-Methylimidazole,nA,Cn1ccnc1,Cn1cncc1-c1ccccc1F,35.79,0,0,0,0,0,0,0,0,0,0,0,0,0,0,0,0,0,0,0,0,0,0,1,0,0,0,0,0,0,0,1,0,0,0,0,1,0,0,0,0
1452,P(fur)3,c1coc(P(c2ccco2)c2ccco2)c1,2-Acetyl-5-bromothiophene,e2,CC(=O)c1ccc(Br)s1,1-(4-Nitrophenyl)-2-phenylimidazole,nI,O=[N+]([O-])c1ccc(-n2ccnc2-c2ccccc2)cc1,CC(=O)c1ccc(-c2cnc(-c3ccccc3)n2-c2ccc([N+](=O)[O-])cc2)s1,80.89,0,0,0,0,0,0,0,0,0,0,0,0,1,0,0,0,0,0,0,0,0,0,0,0,0,1,0,0,0,0,0,0,0,0,0,0,0,0,1,0
919,MeO-KITPHOS,COc1ccccc1C1=C(P(C2CCCCC2)C2CCCCC2)C2c3ccccc3C1c1ccccc12,1-Bromo-2-fluorobenzene,e7,Fc1ccccc1Br,4-(1H-Imidazol-1-yl)benzonitrile,nG,N#Cc1ccc(-n2ccnc2)cc1,N#Cc1ccc(-n2cncc2-c2ccccc2F)cc1,8.65,0,0,0,0,0,0,0,1,0,0,0,0,0,0,0,0,0,0,0,0,0,0,0,0,0,0,0,0,0,0,1,0,0,0,0,0,0,0,0,1
562,JackiePhos,COc1ccc(OC)c(P(c2cc(C(F)(F)F)cc(C(F)(F)F)c2)c2cc(C(F)(F)F)cc(C(F)(F)F)c2)c1-c1c(C(C)C)cc(C(C)C)cc1C(C)C,5-Bromo-N-tert-butylpyridine-3-sulfonamide,e5,CC(C)(C)NS(=O)(=O)c1cncc(Br)c1,"1-Benzyl-2,4-dimethyl-1H-imidazole",nE,Cc1cn(Cc2ccccc2)c(C)n1,Cc1nc(C)n(Cc2ccccc2)c1-c1cncc(S(=O)(=O)NC(C)(C)C)c1,18.61,0,0,0,0,0,0,0,0,0,0,1,0,0,0,0,0,0,0,0,0,0,0,0,0,0,0,0,1,0,0,0,0,0,0,0,0,1,0,0,0
766,X-Phos,CC(C)c1cc(C(C)C)c(-c2ccccc2P(C2CCCCC2)C2CCCCC2)c(C(C)C)c1,5-Bromobenzofuran,e3,Brc1ccc2occc2c1,1-Methylimidazole,nA,Cn1ccnc1,Cn1cncc1-c1ccc2occc2c1,51.36,0,0,0,0,0,0,0,0,0,0,0,0,0,0,0,0,0,0,0,0,0,0,1,0,0,0,1,0,0,0,0,0,0,0,0,1,0,0,0,0
655,MeO-KITPHOS,COc1ccccc1C1=C(P(C2CCCCC2)C2CCCCC2)C2c3ccccc3C1c1ccccc12,2-Bromobiphenyl,e4,Brc1ccccc1-c1ccccc1,1-Isopropylimidazole,nB,CC(C)n1ccnc1,CC(C)n1cncc1-c1ccccc1-c1ccccc1,0.63,0,0,0,0,0,0,0,1,0,0,0,0,0,0,0,0,0,0,0,0,0,0,0,0,0,0,0,0,0,1,0,0,0,1,0,0,0,0,0,0
1447,MeO-KITPHOS,COc1ccccc1C1=C(P(C2CCCCC2)C2CCCCC2)C2c3ccccc3C1c1ccccc12,2-Acetyl-5-bromothiophene,e2,CC(=O)c1ccc(Br)s1,1-(4-Nitrophenyl)-2-phenylimidazole,nI,O=[N+]([O-])c1ccc(-n2ccnc2-c2ccccc2)cc1,CC(=O)c1ccc(-c2cnc(-c3ccccc3)n2-c2ccc([N+](=O)[O-])cc2)s1,65.23,0,0,0,0,0,0,0,1,0,0,0,0,0,0,0,0,0,0,0,0,0,0,0,0,0,1,0,0,0,0,0,0,0,0,0,0,0,0,1,0
845,Cy-vBRIDP,CC(=C(c1ccccc1)c1ccccc1)P(C1CCCCC1)C1CCCCC1,3-Bromo-5-(trifluoromethyl)pyridine,e10,FC(F)(F)c1cncc(Br)c1,1-(4-Nitrophenyl)-2-phenylimidazole,nI,O=[N+]([O-])c1ccc(-n2ccnc2-c2ccccc2)cc1,O=[N+]([O-])c1ccc(-n2c(-c3cncc(C(F)(F)F)c3)cnc2-c2ccccc2)cc1,85.22,0,0,0,0,0,1,0,0,0,0,0,0,0,0,0,0,0,0,0,0,0,0,0,0,0,0,0,0,0,0,0,1,0,0,0,0,0,0,1,0
1078,X-Phos,CC(C)c1cc(C(C)C)c(-c2ccccc2P(C2CCCCC2)C2CCCCC2)c(C(C)C)c1,2-Acetyl-5-bromothiophene,e2,CC(=O)c1ccc(Br)s1,1-(Difluoromethyl)-2-phenyl-1H-imidazole,nF,FC(F)n1ccnc1-c1ccccc1,CC(=O)c1ccc(-c2cnc(-c3ccccc3)n2C(F)F)s1,25.39,0,0,0,0,0,0,0,0,0,0,0,0,0,0,0,0,0,0,0,0,0,0,1,0,0,1,0,0,0,0,0,0,0,0,0,0,0,1,0,0
599,PnBu3 HBF4,CCCCP(CCCC)CCCC,1-Bromo-2-fluorobenzene,e7,Fc1ccccc1Br,"1-Benzyl-2,4-dimethyl-1H-imidazole",nE,Cc1cn(Cc2ccccc2)c(C)n1,Cc1nc(C)n(Cc2ccccc2)c1-c1ccccc1F,0.0,0,0,0,0,0,0,0,0,0,0,0,0,0,0,0,0,0,0,0,0,0,0,0,1,0,0,0,0,0,0,1,0,0,0,0,0,1,0,0,0
57,Et-PhenCar-Phos,CCP(CC)c1ccccc1-n1c2ccccc2c2ccccc21,5-Bromobenzofuran,e3,Brc1ccc2occc2c1,2-Isopropyl-1-methyl-1H-imidazole,nD,CC(C)c1nccn1C,CC(C)c1ncc(-c2ccc3occc3c2)n1C,61.02,0,0,0,0,0,0,0,0,0,1,0,0,0,0,0,0,0,0,0,0,0,0,0,0,0,0,1,0,0,0,0,0,1,0,0,0,0,0,0,0
1290,Cy-BippyPhos,c1ccc(-c2nn(-c3ccccc3)c(-c3ccccc3)c2-n2nccc2P(C2CCCCC2)C2CCCCC2)cc1,1-Benzyl-5-bromo-1H-indole,e9,Brc1ccc2c(ccn2Cc2ccccc2)c1,1-(Difluoromethyl)-2-phenyl-1H-imidazole,nF,FC(F)n1ccnc1-c1ccccc1,FC(F)n1c(-c2ccc3c(ccn3Cc3ccccc3)c2)cnc1-c1ccccc1,95.25,0,0,0,0,0,0,0,0,0,0,0,0,0,0,0,0,0,0,1,0,0,0,0,0,0,0,0,0,1,0,0,0,0,0,0,0,0,1,0,0
1219,PCy3 HBF4,C1(P(C2CCCCC2)C3CCCCC3)CCCCC1,1-Bromo-2-fluorobenzene,e7,Fc1ccccc1Br,1-Methylimidazole,nA,Cn1ccnc1,Cn1cncc1-c1ccccc1F,25.95,0,0,0,0,0,0,0,0,0,0,0,0,0,0,0,0,0,0,0,1,0,0,0,0,0,0,0,0,0,0,1,0,0,0,0,1,0,0,0,0
1444,Cy-DavePhos,CN(C)c1ccccc1-c1ccccc1P(C1CCCCC1)C1CCCCC1,2-Acetyl-5-bromothiophene,e2,CC(=O)c1ccc(Br)s1,1-(4-Nitrophenyl)-2-phenylimidazole,nI,O=[N+]([O-])c1ccc(-n2ccnc2-c2ccccc2)cc1,CC(=O)c1ccc(-c2cnc(-c3ccccc3)n2-c2ccc([N+](=O)[O-])cc2)s1,69.01,0,0,0,0,1,0,0,0,0,0,0,0,0,0,0,0,0,0,0,0,0,0,0,0,0,1,0,0,0,0,0,0,0,0,0,0,0,0,1,0
295,MeO-KITPHOS,COc1ccccc1C1=C(P(C2CCCCC2)C2CCCCC2)C2c3ccccc3C1c1ccccc12,1-Benzyl-5-bromo-1H-indole,e9,Brc1ccc2c(ccn2Cc2ccccc2)c1,1-Methylimidazole,nA,Cn1ccnc1,Cn1cncc1-c1ccc2c(ccn2Cc2ccccc2)c1,29.12,0,0,0,0,0,0,0,1,0,0,0,0,0,0,0,0,0,0,0,0,0,0,0,0,0,0,0,0,1,0,0,0,0,0,0,1,0,0,0,0
1192,tBPh-CPhos,CN(C)c1cccc(N(C)C)c1-c1ccccc1P(c1ccccc1)C(C)(C)C,Ethyl 4-bromo-1-ethylpyrrole-2-carboxylate,e1,CCOC(=O)c1cc(Br)cn1CC,1-Isopropylimidazole,nB,CC(C)n1ccnc1,CCOC(=O)c1cc(-c2cncn2C(C)C)cn1CC,15.54,0,0,0,0,0,0,0,0,0,0,0,0,0,0,0,0,1,0,0,0,0,0,0,0,1,0,0,0,0,0,0,0,0,1,0,0,0,0,0,0
1002,Cy-BippyPhos,c1ccc(-c2nn(-c3ccccc3)c(-c3ccccc3)c2-n2nccc2P(C2CCCCC2)C2CCCCC2)cc1,2-Acetyl-5-bromothiophene,e2,CC(=O)c1ccc(Br)s1,4-(1H-Imidazol-1-yl)benzonitrile,nG,N#Cc1ccc(-n2ccnc2)cc1,CC(=O)c1ccc(-c2cncn2-c2ccc(C#N)cc2)s1,21.53,0,0,0,0,0,0,0,0,0,0,0,0,0,0,0,0,0,0,1,0,0,0,0,0,0,1,0,0,0,0,0,0,0,0,0,0,0,0,0,1
1431,PPhtBu2,CC(C)(C)P(c1ccccc1)C(C)(C)C,Ethyl 4-bromo-1-ethylpyrrole-2-carboxylate,e1,CCOC(=O)c1cc(Br)cn1CC,1-(4-Nitrophenyl)-2-phenylimidazole,nI,O=[N+]([O-])c1ccc(-n2ccnc2-c2ccccc2)cc1,CCOC(=O)c1cc(-c2cnc(-c3ccccc3)n2-c2ccc([N+](=O)[O-])cc2)cn1CC,0.35,0,0,0,0,0,0,0,0,0,0,0,0,0,0,0,1,0,0,0,0,0,0,0,0,1,0,0,0,0,0,0,0,0,0,0,0,0,0,1,0
412,Cy-DavePhos,CN(C)c1ccccc1-c1ccccc1P(C1CCCCC1)C1CCCCC1,5-Bromobenzofuran,e3,Brc1ccc2occc2c1,1-(Difluoromethyl)-2-phenyl-1H-imidazole,nF,FC(F)n1ccnc1-c1ccccc1,FC(F)n1c(-c2ccc3occc3c2)cnc1-c1ccccc1,77.61,0,0,0,0,1,0,0,0,0,0,0,0,0,0,0,0,0,0,0,0,0,0,0,0,0,0,1,0,0,0,0,0,0,0,0,0,0,1,0,0
662,PPh2Me,CP(c1ccccc1)c1ccccc1,2-Bromobiphenyl,e4,Brc1ccccc1-c1ccccc1,1-Isopropylimidazole,nB,CC(C)n1ccnc1,CC(C)n1cncc1-c1ccccc1-c1ccccc1,0.62,0,0,0,0,0,0,0,0,0,0,0,0,0,0,1,0,0,0,0,0,0,0,0,0,0,0,0,0,0,1,0,0,0,1,0,0,0,0,0,0
1345,BrettPhos,COc1ccc(OC)c(P(C2CCCCC2)C2CCCCC2)c1-c1c(C(C)C)cc(C(C)C)cc1C(C)C,5-Bromobenzofuran,e3,Brc1ccc2occc2c1,1-Methyl-1H-imidazole-4-carbonitrile,nC,Cn1cnc(C#N)c1,Cn1cnc(C#N)c1-c1ccc2occc2c1,13.28,0,1,0,0,0,0,0,0,0,0,0,0,0,0,0,0,0,0,0,0,0,0,0,0,0,0,1,0,0,0,0,0,0,0,1,0,0,0,0,0
695,PnBu3 HBF4,CCCCP(CCCC)CCCC,5-Bromo-N-tert-butylpyridine-3-sulfonamide,e5,CC(C)(C)NS(=O)(=O)c1cncc(Br)c1,1-Isopropylimidazole,nB,CC(C)n1ccnc1,CC(C)n1cncc1-c1cncc(S(=O)(=O)NC(C)(C)C)c1,0.98,0,0,0,0,0,0,0,0,0,0,0,0,0,0,0,0,0,0,0,0,0,0,0,1,0,0,0,1,0,0,0,0,0,1,0,0,0,0,0,0
1172,CgMe-PPh,CC12CC3(C)OC(C)(CC(C)(O1)P3c1ccccc1)O2,Ethyl 4-bromo-1-ethylpyrrole-2-carboxylate,e1,CCOC(=O)c1cc(Br)cn1CC,1-Methylimidazole,nA,Cn1ccnc1,CCOC(=O)c1cc(-c2cncn2C)cn1CC,70.61,0,0,0,0,0,0,0,0,0,0,0,0,0,0,0,0,0,0,0,0,1,0,0,0,1,0,0,0,0,0,0,0,0,0,0,1,0,0,0,0
194,CX-FBu,CCCCC1(c2c(c3c1cccc3)cccc2)P(C4CCCCC4)C5CCCCC5,1-Bromo-2-fluorobenzene,e7,Fc1ccccc1Br,1-Methyl-1H-imidazole-4-carbonitrile,nC,Cn1cnc(C#N)c1,Cn1cnc(C#N)c1-c1ccccc1F,0.55,0,0,1,0,0,0,0,0,0,0,0,0,0,0,0,0,0,0,0,0,0,0,0,0,0,0,0,0,0,0,1,0,0,0,1,0,0,0,0,0
1159,MeO-KITPHOS,COc1ccccc1C1=C(P(C2CCCCC2)C2CCCCC2)C2c3ccccc3C1c1ccccc12,Ethyl 4-bromo-1-ethylpyrrole-2-carboxylate,e1,CCOC(=O)c1cc(Br)cn1CC,1-Methylimidazole,nA,Cn1ccnc1,CCOC(=O)c1cc(-c2cncn2C)cn1CC,14.93,0,0,0,0,0,0,0,1,0,0,0,0,0,0,0,0,0,0,0,0,0,0,0,0,1,0,0,0,0,0,0,0,0,0,0,1,0,0,0,0
390,Kwong,c1ccc(-c2cc3ccccc3n2P(C2CCCCC2)C2CCCCC2)cc1,1-Benzyl-5-bromo-1H-indole,e9,Brc1ccc2c(ccn2Cc2ccccc2)c1,"1-Benzyl-2,4-dimethyl-1H-imidazole",nE,Cc1cn(Cc2ccccc2)c(C)n1,Cc1nc(C)n(Cc2ccccc2)c1-c1ccc2c(ccn2Cc2ccccc2)c1,16.43,0,0,0,0,0,0,1,0,0,0,0,0,0,0,0,0,0,0,0,0,0,0,0,0,0,0,0,0,1,0,0,0,0,0,0,0,1,0,0,0
1288,tBPh-CPhos,CN(C)c1cccc(N(C)C)c1-c1ccccc1P(c1ccccc1)C(C)(C)C,1-Benzyl-5-bromo-1H-indole,e9,Brc1ccc2c(ccn2Cc2ccccc2)c1,1-(Difluoromethyl)-2-phenyl-1H-imidazole,nF,FC(F)n1ccnc1-c1ccccc1,FC(F)n1c(-c2ccc3c(ccn3Cc3ccccc3)c2)cnc1-c1ccccc1,98.6,0,0,0,0,0,0,0,0,0,0,0,0,0,0,0,0,1,0,0,0,0,0,0,0,0,0,0,0,1,0,0,0,0,0,0,0,0,1,0,0
1497,Et-PhenCar-Phos,CCP(CC)c1ccccc1-n1c2ccccc2c2ccccc21,2-Bromobiphenyl,e4,Brc1ccccc1-c1ccccc1,1-(4-Nitrophenyl)-2-phenylimidazole,nI,O=[N+]([O-])c1ccc(-n2ccnc2-c2ccccc2)cc1,O=[N+]([O-])c1ccc(-n2c(-c3ccccc3-c3ccccc3)cnc2-c2ccccc2)cc1,1.17,0,0,0,0,0,0,0,0,0,1,0,0,0,0,0,0,0,0,0,0,0,0,0,0,0,0,0,0,0,1,0,0,0,0,0,0,0,0,1,0
1171,PCy3 HBF4,C1(P(C2CCCCC2)C3CCCCC3)CCCCC1,Ethyl 4-bromo-1-ethylpyrrole-2-carboxylate,e1,CCOC(=O)c1cc(Br)cn1CC,1-Methylimidazole,nA,Cn1ccnc1,CCOC(=O)c1cc(-c2cncn2C)cn1CC,36.73,0,0,0,0,0,0,0,0,0,0,0,0,0,0,0,0,0,0,0,1,0,0,0,0,1,0,0,0,0,0,0,0,0,0,0,1,0,0,0,0
816,A-caPhos,CN(C)c1ccc(P(C2CCCCC2)C2CCCCC2)cc1,1-Benzyl-5-bromo-1H-indole,e9,Brc1ccc2c(ccn2Cc2ccccc2)c1,1-(4-Nitrophenyl)-2-phenylimidazole,nI,O=[N+]([O-])c1ccc(-n2ccnc2-c2ccccc2)cc1,O=[N+]([O-])c1ccc(-n2c(-c3ccc4c(ccn4Cc4ccccc4)c3)cnc2-c2ccccc2)cc1,0.18,1,0,0,0,0,0,0,0,0,0,0,0,0,0,0,0,0,0,0,0,0,0,0,0,0,0,0,0,1,0,0,0,0,0,0,0,0,0,1,0
1194,Cy-BippyPhos,c1ccc(-c2nn(-c3ccccc3)c(-c3ccccc3)c2-n2nccc2P(C2CCCCC2)C2CCCCC2)cc1,Ethyl 4-bromo-1-ethylpyrrole-2-carboxylate,e1,CCOC(=O)c1cc(Br)cn1CC,1-Isopropylimidazole,nB,CC(C)n1ccnc1,CCOC(=O)c1cc(-c2cncn2C(C)C)cn1CC,16.37,0,0,0,0,0,0,0,0,0,0,0,0,0,0,0,0,0,0,1,0,0,0,0,0,1,0,0,0,0,0,0,0,0,1,0,0,0,0,0,0
722,CX-FBu,CCCCC1(c2c(c3c1cccc3)cccc2)P(C4CCCCC4)C5CCCCC5,2-Acetyl-5-bromothiophene,e2,CC(=O)c1ccc(Br)s1,1-Methylimidazole,nA,Cn1ccnc1,CC(=O)c1ccc(-c2cncn2C)s1,0.0,0,0,1,0,0,0,0,0,0,0,0,0,0,0,0,0,0,0,0,0,0,0,0,0,0,1,0,0,0,0,0,0,0,0,0,1,0,0,0,0
241,BrettPhos,COc1ccc(OC)c(P(C2CCCCC2)C2CCCCC2)c1-c1c(C(C)C)cc(C(C)C)cc1C(C)C,2-Bromobiphenyl,e4,Brc1ccccc1-c1ccccc1,1-Methylimidazole,nA,Cn1ccnc1,Cn1cncc1-c1ccccc1-c1ccccc1,0.0,0,1,0,0,0,0,0,0,0,0,0,0,0,0,0,0,0,0,0,0,0,0,0,0,0,0,0,0,0,1,0,0,0,0,0,1,0,0,0,0
338,CX-FBu,CCCCC1(c2c(c3c1cccc3)cccc2)P(C4CCCCC4)C5CCCCC5,Ethyl 4-bromo-1-ethylpyrrole-2-carboxylate,e1,CCOC(=O)c1cc(Br)cn1CC,"1-Benzyl-2,4-dimethyl-1H-imidazole",nE,Cc1cn(Cc2ccccc2)c(C)n1,CCOC(=O)c1cc(-c2c(C)nc(C)n2Cc2ccccc2)cn1CC,0.34,0,0,1,0,0,0,0,0,0,0,0,0,0,0,0,0,0,0,0,0,0,0,0,0,1,0,0,0,0,0,0,0,0,0,0,0,1,0,0,0
735,PPhtBu2,CC(C)(C)P(c1ccccc1)C(C)(C)C,2-Acetyl-5-bromothiophene,e2,CC(=O)c1ccc(Br)s1,1-Methylimidazole,nA,Cn1ccnc1,CC(=O)c1ccc(-c2cncn2C)s1,87.71,0,0,0,0,0,0,0,0,0,0,0,0,0,0,0,1,0,0,0,0,0,0,0,0,0,1,0,0,0,0,0,0,0,0,0,1,0,0,0,0
1403,"P(3,5-CF3-Ph)3",FC(F)(F)c1cc(P(c2cc(C(F)(F)F)cc(C(F)(F)F)c2)c2cc(C(F)(F)F)cc(C(F)(F)F)c2)cc(C(F)(F)F)c1,1-Benzyl-5-bromo-1H-indole,e9,Brc1ccc2c(ccn2Cc2ccccc2)c1,1-Methyl-1H-imidazole-4-carbonitrile,nC,Cn1cnc(C#N)c1,Cn1cnc(C#N)c1-c1ccc2c(ccn2Cc2ccccc2)c1,27.02,0,0,0,0,0,0,0,0,0,0,0,1,0,0,0,0,0,0,0,0,0,0,0,0,0,0,0,0,1,0,0,0,0,0,1,0,0,0,0,0
1364,CgMe-PPh,CC12CC3(C)OC(C)(CC(C)(O1)P3c1ccccc1)O2,5-Bromobenzofuran,e3,Brc1ccc2occc2c1,1-Methyl-1H-imidazole-4-carbonitrile,nC,Cn1cnc(C#N)c1,Cn1cnc(C#N)c1-c1ccc2occc2c1,54.47,0,0,0,0,0,0,0,0,0,0,0,0,0,0,0,0,0,0,0,0,1,0,0,0,0,0,1,0,0,0,0,0,0,0,1,0,0,0,0,0
1384,tBPh-CPhos,CN(C)c1cccc(N(C)C)c1-c1ccccc1P(c1ccccc1)C(C)(C)C,5-Bromo-N-tert-butylpyridine-3-sulfonamide,e5,CC(C)(C)NS(=O)(=O)c1cncc(Br)c1,1-Methyl-1H-imidazole-4-carbonitrile,nC,Cn1cnc(C#N)c1,Cn1cnc(C#N)c1-c1cncc(S(=O)(=O)NC(C)(C)C)c1,71.35,0,0,0,0,0,0,0,0,0,0,0,0,0,0,0,0,1,0,0,0,0,0,0,0,0,0,0,1,0,0,0,0,0,0,1,0,0,0,0,0
299,"P(3,5-CF3-Ph)3",FC(F)(F)c1cc(P(c2cc(C(F)(F)F)cc(C(F)(F)F)c2)c2cc(C(F)(F)F)cc(C(F)(F)F)c2)cc(C(F)(F)F)c1,1-Benzyl-5-bromo-1H-indole,e9,Brc1ccc2c(ccn2Cc2ccccc2)c1,1-Methylimidazole,nA,Cn1ccnc1,Cn1cncc1-c1ccc2c(ccn2Cc2ccccc2)c1,26.66,0,0,0,0,0,0,0,0,0,0,0,1,0,0,0,0,0,0,0,0,0,0,0,0,0,0,0,0,1,0,0,0,0,0,0,1,0,0,0,0
508,Cy-DavePhos,CN(C)c1ccccc1-c1ccccc1P(C1CCCCC1)C1CCCCC1,3-Bromo-5-(trifluoromethyl)pyridine,e10,FC(F)(F)c1cncc(Br)c1,2-Isopropyl-1-methyl-1H-imidazole,nD,CC(C)c1nccn1C,CC(C)c1ncc(-c2cncc(C(F)(F)F)c2)n1C,90.86,0,0,0,0,1,0,0,0,0,0,0,0,0,0,0,0,0,0,0,0,0,0,0,0,0,0,0,0,0,0,0,1,1,0,0,0,0,0,0,0
62,PPh2Me,CP(c1ccccc1)c1ccccc1,5-Bromobenzofuran,e3,Brc1ccc2occc2c1,2-Isopropyl-1-methyl-1H-imidazole,nD,CC(C)c1nccn1C,CC(C)c1ncc(-c2ccc3occc3c2)n1C,19.49,0,0,0,0,0,0,0,0,0,0,0,0,0,0,1,0,0,0,0,0,0,0,0,0,0,0,1,0,0,0,0,0,1,0,0,0,0,0,0,0
1118,PPh2Me,CP(c1ccccc1)c1ccccc1,5-Bromo-N-tert-butylpyridine-3-sulfonamide,e5,CC(C)(C)NS(=O)(=O)c1cncc(Br)c1,1-(Difluoromethyl)-2-phenyl-1H-imidazole,nF,FC(F)n1ccnc1-c1ccccc1,CC(C)(C)NS(=O)(=O)c1cncc(-c2cnc(-c3ccccc3)n2C(F)F)c1,0.1,0,0,0,0,0,0,0,0,0,0,0,0,0,0,1,0,0,0,0,0,0,0,0,0,0,0,0,1,0,0,0,0,0,0,0,0,0,1,0,0
1006,X-Phos,CC(C)c1cc(C(C)C)c(-c2ccccc2P(C2CCCCC2)C2CCCCC2)c(C(C)C)c1,2-Acetyl-5-bromothiophene,e2,CC(=O)c1ccc(Br)s1,4-(1H-Imidazol-1-yl)benzonitrile,nG,N#Cc1ccc(-n2ccnc2)cc1,CC(=O)c1ccc(-c2cncn2-c2ccc(C#N)cc2)s1,19.79,0,0,0,0,0,0,0,0,0,0,0,0,0,0,0,0,0,0,0,0,0,0,1,0,0,1,0,0,0,0,0,0,0,0,0,0,0,0,0,1
383,PnBu3 HBF4,CCCCP(CCCC)CCCC,5-Bromobenzofuran,e3,Brc1ccc2occc2c1,"1-Benzyl-2,4-dimethyl-1H-imidazole",nE,Cc1cn(Cc2ccccc2)c(C)n1,Cc1nc(C)n(Cc2ccccc2)c1-c1ccc2occc2c1,5.42,0,0,0,0,0,0,0,0,0,0,0,0,0,0,0,0,0,0,0,0,0,0,0,1,0,0,1,0,0,0,0,0,0,0,0,0,1,0,0,0
492,P(fur)3,c1coc(P(c2ccco2)c2ccco2)c1,1-Benzyl-5-bromo-1H-indole,e9,Brc1ccc2c(ccn2Cc2ccccc2)c1,2-Isopropyl-1-methyl-1H-imidazole,nD,CC(C)c1nccn1C,CC(C)c1ncc(-c2ccc3c(ccn3Cc3ccccc3)c2)n1C,66.65,0,0,0,0,0,0,0,0,0,0,0,0,1,0,0,0,0,0,0,0,0,0,0,0,0,0,0,0,1,0,0,0,1,0,0,0,0,0,0,0
842,CX-FBu,CCCCC1(c2c(c3c1cccc3)cccc2)P(C4CCCCC4)C5CCCCC5,3-Bromo-5-(trifluoromethyl)pyridine,e10,FC(F)(F)c1cncc(Br)c1,1-(4-Nitrophenyl)-2-phenylimidazole,nI,O=[N+]([O-])c1ccc(-n2ccnc2-c2ccccc2)cc1,O=[N+]([O-])c1ccc(-n2c(-c3cncc(C(F)(F)F)c3)cnc2-c2ccccc2)cc1,13.12,0,0,1,0,0,0,0,0,0,0,0,0,0,0,0,0,0,0,0,0,0,0,0,0,0,0,0,0,0,0,0,1,0,0,0,0,0,0,1,0
1502,PPh2Me,CP(c1ccccc1)c1ccccc1,2-Bromobiphenyl,e4,Brc1ccccc1-c1ccccc1,1-(4-Nitrophenyl)-2-phenylimidazole,nI,O=[N+]([O-])c1ccc(-n2ccnc2-c2ccccc2)cc1,O=[N+]([O-])c1ccc(-n2c(-c3ccccc3-c3ccccc3)cnc2-c2ccccc2)cc1,0.0,0,0,0,0,0,0,0,0,0,0,0,0,0,0,1,0,0,0,0,0,0,0,0,0,0,0,0,0,0,1,0,0,0,0,0,0,0,0,1,0
394,JackiePhos,COc1ccc(OC)c(P(c2cc(C(F)(F)F)cc(C(F)(F)F)c2)c2cc(C(F)(F)F)cc(C(F)(F)F)c2)c1-c1c(C(C)C)cc(C(C)C)cc1C(C)C,1-Benzyl-5-bromo-1H-indole,e9,Brc1ccc2c(ccn2Cc2ccccc2)c1,"1-Benzyl-2,4-dimethyl-1H-imidazole",nE,Cc1cn(Cc2ccccc2)c(C)n1,Cc1nc(C)n(Cc2ccccc2)c1-c1ccc2c(ccn2Cc2ccccc2)c1,15.14,0,0,0,0,0,0,0,0,0,0,1,0,0,0,0,0,0,0,0,0,0,0,0,0,0,0,0,0,1,0,0,0,0,0,0,0,1,0,0,0
669,PPh3,c1ccc(P(c2ccccc2)c2ccccc2)cc1,2-Bromobiphenyl,e4,Brc1ccccc1-c1ccccc1,1-Isopropylimidazole,nB,CC(C)n1ccnc1,CC(C)n1cncc1-c1ccccc1-c1ccccc1,0.29,0,0,0,0,0,0,0,0,0,0,0,0,0,0,0,0,0,0,0,0,0,1,0,0,0,0,0,0,0,1,0,0,0,1,0,0,0,0,0,0
1286,PPh2Me,CP(c1ccccc1)c1ccccc1,1-Benzyl-5-bromo-1H-indole,e9,Brc1ccc2c(ccn2Cc2ccccc2)c1,1-(Difluoromethyl)-2-phenyl-1H-imidazole,nF,FC(F)n1ccnc1-c1ccccc1,FC(F)n1c(-c2ccc3c(ccn3Cc3ccccc3)c2)cnc1-c1ccccc1,32.67,0,0,0,0,0,0,0,0,0,0,0,0,0,0,1,0,0,0,0,0,0,0,0,0,0,0,0,0,1,0,0,0,0,0,0,0,0,1,0,0
1511,PnBu3 HBF4,CCCCP(CCCC)CCCC,2-Bromobiphenyl,e4,Brc1ccccc1-c1ccccc1,1-(4-Nitrophenyl)-2-phenylimidazole,nI,O=[N+]([O-])c1ccc(-n2ccnc2-c2ccccc2)cc1,O=[N+]([O-])c1ccc(-n2c(-c3ccccc3-c3ccccc3)cnc2-c2ccccc2)cc1,0.0,0,0,0,0,0,0,0,0,0,0,0,0,0,0,0,0,0,0,0,0,0,0,0,1,0,0,0,0,0,1,0,0,0,0,0,0,0,0,1,0
600,A-caPhos,CN(C)c1ccc(P(C2CCCCC2)C2CCCCC2)cc1,3-Bromo-5-(trifluoromethyl)pyridine,e10,FC(F)(F)c1cncc(Br)c1,"1-Benzyl-2,4-dimethyl-1H-imidazole",nE,Cc1cn(Cc2ccccc2)c(C)n1,Cc1nc(C)n(Cc2ccccc2)c1-c1cncc(C(F)(F)F)c1,2.68,1,0,0,0,0,0,0,0,0,0,0,0,0,0,0,0,0,0,0,0,0,0,0,0,0,0,0,0,0,0,0,1,0,0,0,0,1,0,0,0
433,BrettPhos,COc1ccc(OC)c(P(C2CCCCC2)C2CCCCC2)c1-c1c(C(C)C)cc(C(C)C)cc1C(C)C,2-Bromobiphenyl,e4,Brc1ccccc1-c1ccccc1,2-Isopropyl-1-methyl-1H-imidazole,nD,CC(C)c1nccn1C,CC(C)c1ncc(-c2ccccc2-c2ccccc2)n1C,2.39,0,1,0,0,0,0,0,0,0,0,0,0,0,0,0,0,0,0,0,0,0,0,0,0,0,0,0,0,0,1,0,0,1,0,0,0,0,0,0,0
80,P(o-Anis)3,COc1ccccc1P(c1ccccc1OC)c1ccccc1OC,5-Bromo-N-tert-butylpyridine-3-sulfonamide,e5,CC(C)(C)NS(=O)(=O)c1cncc(Br)c1,2-Isopropyl-1-methyl-1H-imidazole,nD,CC(C)c1nccn1C,CC(C)c1ncc(-c2cncc(S(=O)(=O)NC(C)(C)C)c2)n1C,21.07,0,0,0,0,0,0,0,0,1,0,0,0,0,0,0,0,0,0,0,0,0,0,0,0,0,0,0,1,0,0,0,0,1,0,0,0,0,0,0,0
67,PCy3 HBF4,C1(P(C2CCCCC2)C3CCCCC3)CCCCC1,5-Bromobenzofuran,e3,Brc1ccc2occc2c1,2-Isopropyl-1-methyl-1H-imidazole,nD,CC(C)c1nccn1C,CC(C)c1ncc(-c2ccc3occc3c2)n1C,62.89,0,0,0,0,0,0,0,0,0,0,0,0,0,0,0,0,0,0,0,1,0,0,0,0,0,0,1,0,0,0,0,0,1,0,0,0,0,0,0,0
693,PPh3,c1ccc(P(c2ccccc2)c2ccccc2)cc1,5-Bromo-N-tert-butylpyridine-3-sulfonamide,e5,CC(C)(C)NS(=O)(=O)c1cncc(Br)c1,1-Isopropylimidazole,nB,CC(C)n1ccnc1,CC(C)n1cncc1-c1cncc(S(=O)(=O)NC(C)(C)C)c1,6.72,0,0,0,0,0,0,0,0,0,0,0,0,0,0,0,0,0,0,0,0,0,1,0,0,0,0,0,1,0,0,0,0,0,1,0,0,0,0,0,0
1085,Cy-vBRIDP,CC(=C(c1ccccc1)c1ccccc1)P(C1CCCCC1)C1CCCCC1,2-Bromobiphenyl,e4,Brc1ccccc1-c1ccccc1,1-(Difluoromethyl)-2-phenyl-1H-imidazole,nF,FC(F)n1ccnc1-c1ccccc1,FC(F)n1c(-c2ccccc2-c2ccccc2)cnc1-c1ccccc1,8.86,0,0,0,0,0,1,0,0,0,0,0,0,0,0,0,0,0,0,0,0,0,0,0,0,0,0,0,0,0,1,0,0,0,0,0,0,0,1,0,0
1119,PPhtBu2,CC(C)(C)P(c1ccccc1)C(C)(C)C,5-Bromo-N-tert-butylpyridine-3-sulfonamide,e5,CC(C)(C)NS(=O)(=O)c1cncc(Br)c1,1-(Difluoromethyl)-2-phenyl-1H-imidazole,nF,FC(F)n1ccnc1-c1ccccc1,CC(C)(C)NS(=O)(=O)c1cncc(-c2cnc(-c3ccccc3)n2C(F)F)c1,1.29,0,0,0,0,0,0,0,0,0,0,0,0,0,0,0,1,0,0,0,0,0,0,0,0,0,0,0,1,0,0,0,0,0,0,0,0,0,1,0,0
502,X-Phos,CC(C)c1cc(C(C)C)c(-c2ccccc2P(C2CCCCC2)C2CCCCC2)c(C(C)C)c1,1-Benzyl-5-bromo-1H-indole,e9,Brc1ccc2c(ccn2Cc2ccccc2)c1,2-Isopropyl-1-methyl-1H-imidazole,nD,CC(C)c1nccn1C,CC(C)c1ncc(-c2ccc3c(ccn3Cc3ccccc3)c2)n1C,77.26,0,0,0,0,0,0,0,0,0,0,0,0,0,0,0,0,0,0,0,0,0,0,1,0,0,0,0,0,1,0,0,0,1,0,0,0,0,0,0,0
1266,Cy-BippyPhos,c1ccc(-c2nn(-c3ccccc3)c(-c3ccccc3)c2-n2nccc2P(C2CCCCC2)C2CCCCC2)cc1,Ethyl 4-bromo-1-ethylpyrrole-2-carboxylate,e1,CCOC(=O)c1cc(Br)cn1CC,1-(Difluoromethyl)-2-phenyl-1H-imidazole,nF,FC(F)n1ccnc1-c1ccccc1,CCOC(=O)c1cc(-c2cnc(-c3ccccc3)n2C(F)F)cn1CC,6.94,0,0,0,0,0,0,0,0,0,0,0,0,0,0,0,0,0,0,1,0,0,0,0,0,1,0,0,0,0,0,0,0,0,0,0,0,0,1,0,0
795,CX-PICy,Cc1cc(C)c(-n2ccnc2P(C2CCCCC2)C2CCCCC2)c(C)c1,1-Bromo-2-fluorobenzene,e7,Fc1ccccc1Br,1-(4-Nitrophenyl)-2-phenylimidazole,nI,O=[N+]([O-])c1ccc(-n2ccnc2-c2ccccc2)cc1,O=[N+]([O-])c1ccc(-n2c(-c3ccccc3F)cnc2-c2ccccc2)cc1,47.05,0,0,0,1,0,0,0,0,0,0,0,0,0,0,0,0,0,0,0,0,0,0,0,0,0,0,0,0,0,0,1,0,0,0,0,0,0,0,1,0
941,Cy-vBRIDP,CC(=C(c1ccccc1)c1ccccc1)P(C1CCCCC1)C1CCCCC1,1-Benzyl-5-bromo-1H-indole,e9,Brc1ccc2c(ccn2Cc2ccccc2)c1,4-(1H-Imidazol-1-yl)benzonitrile,nG,N#Cc1ccc(-n2ccnc2)cc1,N#Cc1ccc(-n2cncc2-c2ccc3c(ccn3Cc3ccccc3)c2)cc1,48.52,0,0,0,0,0,1,0,0,0,0,0,0,0,0,0,0,0,0,0,0,0,0,0,0,0,0,0,0,1,0,0,0,0,0,0,0,0,0,0,1
788,CgMe-PPh,CC12CC3(C)OC(C)(CC(C)(O1)P3c1ccccc1)O2,5-Bromo-N-tert-butylpyridine-3-sulfonamide,e5,CC(C)(C)NS(=O)(=O)c1cncc(Br)c1,1-(4-Nitrophenyl)-2-phenylimidazole,nI,O=[N+]([O-])c1ccc(-n2ccnc2-c2ccccc2)cc1,CC(C)(C)NS(=O)(=O)c1cncc(-c2cnc(-c3ccccc3)n2-c2ccc([N+](=O)[O-])cc2)c1,90.12,0,0,0,0,0,0,0,0,0,0,0,0,0,0,0,0,0,0,0,0,1,0,0,0,0,0,0,1,0,0,0,0,0,0,0,0,0,0,1,0
70,X-Phos,CC(C)c1cc(C(C)C)c(-c2ccccc2P(C2CCCCC2)C2CCCCC2)c(C(C)C)c1,5-Bromobenzofuran,e3,Brc1ccc2occc2c1,2-Isopropyl-1-methyl-1H-imidazole,nD,CC(C)c1nccn1C,CC(C)c1ncc(-c2ccc3occc3c2)n1C,67.34,0,0,0,0,0,0,0,0,0,0,0,0,0,0,0,0,0,0,0,0,0,0,1,0,0,0,1,0,0,0,0,0,1,0,0,0,0,0,0,0
375,PPhtBu2,CC(C)(C)P(c1ccccc1)C(C)(C)C,5-Bromobenzofuran,e3,Brc1ccc2occc2c1,"1-Benzyl-2,4-dimethyl-1H-imidazole",nE,Cc1cn(Cc2ccccc2)c(C)n1,Cc1nc(C)n(Cc2ccccc2)c1-c1ccc2occc2c1,15.17,0,0,0,0,0,0,0,0,0,0,0,0,0,0,0,1,0,0,0,0,0,0,0,0,0,0,1,0,0,0,0,0,0,0,0,0,1,0,0,0
925,Ph-PhenCar-Phos,c1ccc(P(c2ccccc2)c2ccccc2-n2c3ccccc3c3ccccc32)cc1,1-Bromo-2-fluorobenzene,e7,Fc1ccccc1Br,4-(1H-Imidazol-1-yl)benzonitrile,nG,N#Cc1ccc(-n2ccnc2)cc1,N#Cc1ccc(-n2cncc2-c2ccccc2F)cc1,0.69,0,0,0,0,0,0,0,0,0,0,0,0,0,1,0,0,0,0,0,0,0,0,0,0,0,0,0,0,0,0,1,0,0,0,0,0,0,0,0,1
414,Kwong,c1ccc(-c2cc3ccccc3n2P(C2CCCCC2)C2CCCCC2)cc1,5-Bromobenzofuran,e3,Brc1ccc2occc2c1,1-(Difluoromethyl)-2-phenyl-1H-imidazole,nF,FC(F)n1ccnc1-c1ccccc1,FC(F)n1c(-c2ccc3occc3c2)cnc1-c1ccccc1,75.68,0,0,0,0,0,0,1,0,0,0,0,0,0,0,0,0,0,0,0,0,0,0,0,0,0,0,1,0,0,0,0,0,0,0,0,0,0,1,0,0
830,PPh2Me,CP(c1ccccc1)c1ccccc1,1-Benzyl-5-bromo-1H-indole,e9,Brc1ccc2c(ccn2Cc2ccccc2)c1,1-(4-Nitrophenyl)-2-phenylimidazole,nI,O=[N+]([O-])c1ccc(-n2ccnc2-c2ccccc2)cc1,O=[N+]([O-])c1ccc(-n2c(-c3ccc4c(ccn4Cc4ccccc4)c3)cnc2-c2ccccc2)cc1,54.27,0,0,0,0,0,0,0,0,0,0,0,0,0,0,1,0,0,0,0,0,0,0,0,0,0,0,0,0,1,0,0,0,0,0,0,0,0,0,1,0
1230,Kwong,c1ccc(-c2cc3ccccc3n2P(C2CCCCC2)C2CCCCC2)cc1,1-Bromo-2-fluorobenzene,e7,Fc1ccccc1Br,1-Isopropylimidazole,nB,CC(C)n1ccnc1,CC(C)n1cncc1-c1ccccc1F,1.94,0,0,0,0,0,0,1,0,0,0,0,0,0,0,0,0,0,0,0,0,0,0,0,0,0,0,0,0,0,0,1,0,0,1,0,0,0,0,0,0
863,PnBu3 HBF4,CCCCP(CCCC)CCCC,3-Bromo-5-(trifluoromethyl)pyridine,e10,FC(F)(F)c1cncc(Br)c1,1-(4-Nitrophenyl)-2-phenylimidazole,nI,O=[N+]([O-])c1ccc(-n2ccnc2-c2ccccc2)cc1,O=[N+]([O-])c1ccc(-n2c(-c3cncc(C(F)(F)F)c3)cnc2-c2ccccc2)cc1,24.43,0,0,0,0,0,0,0,0,0,0,0,0,0,0,0,0,0,0,0,0,0,0,0,1,0,0,0,0,0,0,0,1,0,0,0,0,0,0,1,0
862,X-Phos,CC(C)c1cc(C(C)C)c(-c2ccccc2P(C2CCCCC2)C2CCCCC2)c(C(C)C)c1,3-Bromo-5-(trifluoromethyl)pyridine,e10,FC(F)(F)c1cncc(Br)c1,1-(4-Nitrophenyl)-2-phenylimidazole,nI,O=[N+]([O-])c1ccc(-n2ccnc2-c2ccccc2)cc1,O=[N+]([O-])c1ccc(-n2c(-c3cncc(C(F)(F)F)c3)cnc2-c2ccccc2)cc1,70.76,0,0,0,0,0,0,0,0,0,0,0,0,0,0,0,0,0,0,0,0,0,0,1,0,0,0,0,0,0,0,0,1,0,0,0,0,0,0,1,0
44,CgMe-PPh,CC12CC3(C)OC(C)(CC(C)(O1)P3c1ccccc1)O2,2-Acetyl-5-bromothiophene,e2,CC(=O)c1ccc(Br)s1,2-Isopropyl-1-methyl-1H-imidazole,nD,CC(C)c1nccn1C,CC(=O)c1ccc(-c2cnc(C(C)C)n2C)s1,88.24,0,0,0,0,0,0,0,0,0,0,0,0,0,0,0,0,0,0,0,0,1,0,0,0,0,1,0,0,0,0,0,0,1,0,0,0,0,0,0,0
777,Et-PhenCar-Phos,CCP(CC)c1ccccc1-n1c2ccccc2c2ccccc21,5-Bromo-N-tert-butylpyridine-3-sulfonamide,e5,CC(C)(C)NS(=O)(=O)c1cncc(Br)c1,1-(4-Nitrophenyl)-2-phenylimidazole,nI,O=[N+]([O-])c1ccc(-n2ccnc2-c2ccccc2)cc1,CC(C)(C)NS(=O)(=O)c1cncc(-c2cnc(-c3ccccc3)n2-c2ccc([N+](=O)[O-])cc2)c1,86.64,0,0,0,0,0,0,0,0,0,1,0,0,0,0,0,0,0,0,0,0,0,0,0,0,0,0,0,1,0,0,0,0,0,0,0,0,0,0,1,0
1168,tBPh-CPhos,CN(C)c1cccc(N(C)C)c1-c1ccccc1P(c1ccccc1)C(C)(C)C,Ethyl 4-bromo-1-ethylpyrrole-2-carboxylate,e1,CCOC(=O)c1cc(Br)cn1CC,1-Methylimidazole,nA,Cn1ccnc1,CCOC(=O)c1cc(-c2cncn2C)cn1CC,90.27,0,0,0,0,0,0,0,0,0,0,0,0,0,0,0,0,1,0,0,0,0,0,0,0,1,0,0,0,0,0,0,0,0,0,0,1,0,0,0,0
1252,Cy-DavePhos,CN(C)c1ccccc1-c1ccccc1P(C1CCCCC1)C1CCCCC1,Ethyl 4-bromo-1-ethylpyrrole-2-carboxylate,e1,CCOC(=O)c1cc(Br)cn1CC,1-(Difluoromethyl)-2-phenyl-1H-imidazole,nF,FC(F)n1ccnc1-c1ccccc1,CCOC(=O)c1cc(-c2cnc(-c3ccccc3)n2C(F)F)cn1CC,2.3,0,0,0,0,1,0,0,0,0,0,0,0,0,0,0,0,0,0,0,0,0,0,0,0,1,0,0,0,0,0,0,0,0,0,0,0,0,1,0,0
13,Ph-PhenCar-Phos,c1ccc(P(c2ccccc2)c2ccccc2-n2c3ccccc3c3ccccc32)cc1,Ethyl 4-bromo-1-ethylpyrrole-2-carboxylate,e1,CCOC(=O)c1cc(Br)cn1CC,2-Isopropyl-1-methyl-1H-imidazole,nD,CC(C)c1nccn1C,CCOC(=O)c1cc(-c2cnc(C(C)C)n2C)cn1CC,8.35,0,0,0,0,0,0,0,0,0,0,0,0,0,1,0,0,0,0,0,0,0,0,0,0,1,0,0,0,0,0,0,0,1,0,0,0,0,0,0,0
758,PPh2Me,CP(c1ccccc1)c1ccccc1,5-Bromobenzofuran,e3,Brc1ccc2occc2c1,1-Methylimidazole,nA,Cn1ccnc1,Cn1cncc1-c1ccc2occc2c1,0.0,0,0,0,0,0,0,0,0,0,0,0,0,0,0,1,0,0,0,0,0,0,0,0,0,0,0,1,0,0,0,0,0,0,0,0,1,0,0,0,0
335,PnBu3 HBF4,CCCCP(CCCC)CCCC,3-Bromo-5-(trifluoromethyl)pyridine,e10,FC(F)(F)c1cncc(Br)c1,1-Methylimidazole,nA,Cn1ccnc1,Cn1cncc1-c1cncc(C(F)(F)F)c1,13.05,0,0,0,0,0,0,0,0,0,0,0,0,0,0,0,0,0,0,0,0,0,0,0,1,0,0,0,0,0,0,0,1,0,0,0,1,0,0,0,0
159,PPhtBu2,CC(C)(C)P(c1ccccc1)C(C)(C)C,Ethyl 4-bromo-1-ethylpyrrole-2-carboxylate,e1,CCOC(=O)c1cc(Br)cn1CC,1-Methyl-1H-imidazole-4-carbonitrile,nC,Cn1cnc(C#N)c1,CCOC(=O)c1cc(-c2c(C#N)ncn2C)cn1CC,0.0,0,0,0,0,0,0,0,0,0,0,0,0,0,0,0,1,0,0,0,0,0,0,0,0,1,0,0,0,0,0,0,0,0,0,1,0,0,0,0,0
959,PnBu3 HBF4,CCCCP(CCCC)CCCC,1-Benzyl-5-bromo-1H-indole,e9,Brc1ccc2c(ccn2Cc2ccccc2)c1,4-(1H-Imidazol-1-yl)benzonitrile,nG,N#Cc1ccc(-n2ccnc2)cc1,N#Cc1ccc(-n2cncc2-c2ccc3c(ccn3Cc3ccccc3)c2)cc1,37.21,0,0,0,0,0,0,0,0,0,0,0,0,0,0,0,0,0,0,0,0,0,0,0,1,0,0,0,0,1,0,0,0,0,0,0,0,0,0,0,1
1388,CgMe-PPh,CC12CC3(C)OC(C)(CC(C)(O1)P3c1ccccc1)O2,5-Bromo-N-tert-butylpyridine-3-sulfonamide,e5,CC(C)(C)NS(=O)(=O)c1cncc(Br)c1,1-Methyl-1H-imidazole-4-carbonitrile,nC,Cn1cnc(C#N)c1,Cn1cnc(C#N)c1-c1cncc(S(=O)(=O)NC(C)(C)C)c1,75.69,0,0,0,0,0,0,0,0,0,0,0,0,0,0,0,0,0,0,0,0,1,0,0,0,0,0,0,1,0,0,0,0,0,0,1,0,0,0,0,0
878,PPh2Me,CP(c1ccccc1)c1ccccc1,5-Bromobenzofuran,e3,Brc1ccc2occc2c1,4-(1H-Imidazol-1-yl)benzonitrile,nG,N#Cc1ccc(-n2ccnc2)cc1,N#Cc1ccc(-n2cncc2-c2ccc3occc3c2)cc1,0.94,0,0,0,0,0,0,0,0,0,0,0,0,0,0,1,0,0,0,0,0,0,0,0,0,0,0,1,0,0,0,0,0,0,0,0,0,0,0,0,1
754,JackiePhos,COc1ccc(OC)c(P(c2cc(C(F)(F)F)cc(C(F)(F)F)c2)c2cc(C(F)(F)F)cc(C(F)(F)F)c2)c1-c1c(C(C)C)cc(C(C)C)cc1C(C)C,5-Bromobenzofuran,e3,Brc1ccc2occc2c1,1-Methylimidazole,nA,Cn1ccnc1,Cn1cncc1-c1ccc2occc2c1,52.99,0,0,0,0,0,0,0,0,0,0,1,0,0,0,0,0,0,0,0,0,0,0,0,0,0,0,1,0,0,0,0,0,0,0,0,1,0,0,0,0
598,X-Phos,CC(C)c1cc(C(C)C)c(-c2ccccc2P(C2CCCCC2)C2CCCCC2)c(C(C)C)c1,1-Bromo-2-fluorobenzene,e7,Fc1ccccc1Br,"1-Benzyl-2,4-dimethyl-1H-imidazole",nE,Cc1cn(Cc2ccccc2)c(C)n1,Cc1nc(C)n(Cc2ccccc2)c1-c1ccccc1F,0.29,0,0,0,0,0,0,0,0,0,0,0,0,0,0,0,0,0,0,0,0,0,0,1,0,0,0,0,0,0,0,1,0,0,0,0,0,1,0,0,0
986,CX-FBu,CCCCC1(c2c(c3c1cccc3)cccc2)P(C4CCCCC4)C5CCCCC5,2-Acetyl-5-bromothiophene,e2,CC(=O)c1ccc(Br)s1,4-(1H-Imidazol-1-yl)benzonitrile,nG,N#Cc1ccc(-n2ccnc2)cc1,CC(=O)c1ccc(-c2cncn2-c2ccc(C#N)cc2)s1,2.17,0,0,1,0,0,0,0,0,0,0,0,0,0,0,0,0,0,0,0,0,0,0,0,0,0,1,0,0,0,0,0,0,0,0,0,0,0,0,0,1
659,"P(3,5-CF3-Ph)3",FC(F)(F)c1cc(P(c2cc(C(F)(F)F)cc(C(F)(F)F)c2)c2cc(C(F)(F)F)cc(C(F)(F)F)c2)cc(C(F)(F)F)c1,2-Bromobiphenyl,e4,Brc1ccccc1-c1ccccc1,1-Isopropylimidazole,nB,CC(C)n1ccnc1,CC(C)n1cncc1-c1ccccc1-c1ccccc1,0.52,0,0,0,0,0,0,0,0,0,0,0,1,0,0,0,0,0,0,0,0,0,0,0,0,0,0,0,0,0,1,0,0,0,1,0,0,0,0,0,0
415,MeO-KITPHOS,COc1ccccc1C1=C(P(C2CCCCC2)C2CCCCC2)C2c3ccccc3C1c1ccccc12,5-Bromobenzofuran,e3,Brc1ccc2occc2c1,1-(Difluoromethyl)-2-phenyl-1H-imidazole,nF,FC(F)n1ccnc1-c1ccccc1,FC(F)n1c(-c2ccc3occc3c2)cnc1-c1ccccc1,57.79,0,0,0,0,0,0,0,1,0,0,0,0,0,0,0,0,0,0,0,0,0,0,0,0,0,0,1,0,0,0,0,0,0,0,0,0,0,1,0,0
592,tBPh-CPhos,CN(C)c1cccc(N(C)C)c1-c1ccccc1P(c1ccccc1)C(C)(C)C,1-Bromo-2-fluorobenzene,e7,Fc1ccccc1Br,"1-Benzyl-2,4-dimethyl-1H-imidazole",nE,Cc1cn(Cc2ccccc2)c(C)n1,Cc1nc(C)n(Cc2ccccc2)c1-c1ccccc1F,2.23,0,0,0,0,0,0,0,0,0,0,0,0,0,0,0,0,1,0,0,0,0,0,0,0,0,0,0,0,0,0,1,0,0,0,0,0,1,0,0,0
1111,MeO-KITPHOS,COc1ccccc1C1=C(P(C2CCCCC2)C2CCCCC2)C2c3ccccc3C1c1ccccc12,5-Bromo-N-tert-butylpyridine-3-sulfonamide,e5,CC(C)(C)NS(=O)(=O)c1cncc(Br)c1,1-(Difluoromethyl)-2-phenyl-1H-imidazole,nF,FC(F)n1ccnc1-c1ccccc1,CC(C)(C)NS(=O)(=O)c1cncc(-c2cnc(-c3ccccc3)n2C(F)F)c1,73.47,0,0,0,0,0,0,0,1,0,0,0,0,0,0,0,0,0,0,0,0,0,0,0,0,0,0,0,1,0,0,0,0,0,0,0,0,0,1,0,0
