,Unnamed: 0,base_name,solvent_name,activator_name,nucleophile_name,base_smiles,solvent_smiles,activator_smiles,nucleophile_smiles,yield,nucleophile_id,1-Methylimidazole,"2,6-Lutidine",N-methylmorpholine,Diisopropylethylamine,THF,MeCN,DMF,PFTU,TCFH,HATU,PyBOP,BOP-Cl,TFFH,DPPCl,HOTU,n1,n2,n3,n4,n5,n6,n7,n8,n9,n10
739,739,Diisopropylethylamine,MeCN,TFFH,"2,6-diisopropylaniline",CCN(C(C)C)C(C)C,CC#N,CN(C)C(=[F+])N(C)C.F[P-](F)(F)(F)(F)F,CC(C)c1cccc(C(C)C)c1N,12.64,n8,0,0,0,1,0,1,0,0,0,0,0,0,1,0,0,0,0,0,0,0,0,0,1,0,0
124,124,1-Methylimidazole,MeCN,HATU,1-(4-aminophenyl)-N-methylmethanesulfonamide,Cn1ccnc1,CC#N,CN(C)C(=[O+]n1nnc2cccnc21)N(C)C.F[P-](F)(F)(F)(F)F,CNS(=O)(=O)Cc1ccc(N)cc1,62.35,n2,1,0,0,0,0,1,0,0,0,1,0,0,0,0,0,0,1,0,0,0,0,0,0,0,0
187,187,Diisopropylethylamine,MeCN,HOTU,1-(4-aminophenyl)-N-methylmethanesulfonamide,CCN(C(C)C)C(C)C,CC#N,CCOC(=O)C(C#N)=N[O+]=C(N(C)C)N(C)C.F[P-](F)(F)(F)(F)F,CNS(=O)(=O)Cc1ccc(N)cc1,27.34,n2,0,0,0,1,0,1,0,0,0,0,0,0,0,0,1,0,1,0,0,0,0,0,0,0,0
870,870,N-methylmorpholine,MeCN,PFTU,methyl 2-amino-4-chlorobenzoate,CN1CCOCC1,CC#N,CN(C)C(=[O+]c1c(F)c(F)c(F)c(F)c1F)N(C)C.F[P-](F)(F)(F)(F)F,COC(=O)c1ccc(Cl)cc1N,12.52,n10,0,0,1,0,0,1,0,1,0,0,0,0,0,0,0,0,0,0,0,0,0,0,0,0,1
494,494,N-methylmorpholine,THF,TCFH,2-methyl-4-nitroaniline,CN1CCOCC1,C1CCOC1,CN(C)C(=[Cl+])N(C)C.F[P-](F)(F)(F)(F)F,Cc1cc([N+](=O)[O-])ccc1N,2.25,n6,0,0,1,0,1,0,0,0,1,0,0,0,0,0,0,0,0,0,0,0,1,0,0,0,0
379,379,Diisopropylethylamine,MeCN,HOTU,"2-bromo-4,6-dimethylaniline",CCN(C(C)C)C(C)C,CC#N,CCOC(=O)C(C#N)=N[O+]=C(N(C)C)N(C)C.F[P-](F)(F)(F)(F)F,Cc1cc(C)c(N)c(Br)c1,18.83,n4,0,0,0,1,0,1,0,0,0,0,0,0,0,0,1,0,0,0,1,0,0,0,0,0,0
476,476,1-Methylimidazole,DMF,HOTU,3-amino-4-chlorobenzonitrile,Cn1ccnc1,CN(C)C=O,CCOC(=O)C(C#N)=N[O+]=C(N(C)C)N(C)C.F[P-](F)(F)(F)(F)F,N#Cc1ccc(Cl)c(N)c1,14.15,n5,1,0,0,0,0,0,1,0,0,0,0,0,0,0,1,0,0,0,0,1,0,0,0,0,0
619,619,Diisopropylethylamine,MeCN,PyBOP,6-methylquinolin-5-amine,CCN(C(C)C)C(C)C,CC#N,F[P-](F)(F)(F)(F)F.c1ccc2c(c1)nnn2O[P+](N1CCCC1)(N1CCCC1)N1CCCC1,Cc1ccc2ncccc2c1N,29.94,n7,0,0,0,1,0,1,0,0,0,0,1,0,0,0,0,0,0,0,0,0,0,1,0,0,0
128,128,1-Methylimidazole,DMF,HATU,1-(4-aminophenyl)-N-methylmethanesulfonamide,Cn1ccnc1,CN(C)C=O,CN(C)C(=[O+]n1nnc2cccnc21)N(C)C.F[P-](F)(F)(F)(F)F,CNS(=O)(=O)Cc1ccc(N)cc1,62.09,n2,1,0,0,0,0,0,1,0,0,1,0,0,0,0,0,0,1,0,0,0,0,0,0,0,0
428,428,1-Methylimidazole,DMF,PyBOP,3-amino-4-chlorobenzonitrile,Cn1ccnc1,CN(C)C=O,F[P-](F)(F)(F)(F)F.c1ccc2c(c1)nnn2O[P+](N1CCCC1)(N1CCCC1)N1CCCC1,N#Cc1ccc(Cl)c(N)c1,5.42,n5,1,0,0,0,0,0,1,0,0,0,1,0,0,0,0,0,0,0,0,1,0,0,0,0,0
527,527,Diisopropylethylamine,DMF,PyBOP,2-methyl-4-nitroaniline,CCN(C(C)C)C(C)C,CN(C)C=O,F[P-](F)(F)(F)(F)F.c1ccc2c(c1)nnn2O[P+](N1CCCC1)(N1CCCC1)N1CCCC1,Cc1cc([N+](=O)[O-])ccc1N,1.97,n6,0,0,0,1,0,0,1,0,0,0,1,0,0,0,0,0,0,0,0,0,1,0,0,0,0
523,523,Diisopropylethylamine,MeCN,PyBOP,2-methyl-4-nitroaniline,CCN(C(C)C)C(C)C,CC#N,F[P-](F)(F)(F)(F)F.c1ccc2c(c1)nnn2O[P+](N1CCCC1)(N1CCCC1)N1CCCC1,Cc1cc([N+](=O)[O-])ccc1N,2.86,n6,0,0,0,1,0,1,0,0,0,0,1,0,0,0,0,0,0,0,0,0,1,0,0,0,0
437,437,"2,6-Lutidine",MeCN,BOP-Cl,3-amino-4-chlorobenzonitrile,Cc1cccc(C)n1,CC#N,O=C1OCCN1P(=O)(Cl)N1CCOC1=O,N#Cc1ccc(Cl)c(N)c1,31.69,n5,0,1,0,0,0,1,0,0,0,0,0,1,0,0,0,0,0,0,0,1,0,0,0,0,0
424,424,1-Methylimidazole,MeCN,PyBOP,3-amino-4-chlorobenzonitrile,Cn1ccnc1,CC#N,F[P-](F)(F)(F)(F)F.c1ccc2c(c1)nnn2O[P+](N1CCCC1)(N1CCCC1)N1CCCC1,N#Cc1ccc(Cl)c(N)c1,3.52,n5,1,0,0,0,0,1,0,0,0,0,1,0,0,0,0,0,0,0,0,1,0,0,0,0,0
707,707,Diisopropylethylamine,DMF,HATU,"2,6-diisopropylaniline",CCN(C(C)C)C(C)C,CN(C)C=O,CN(C)C(=[O+]n1nnc2cccnc21)N(C)C.F[P-](F)(F)(F)(F)F,CC(C)c1cccc(C(C)C)c1N,11.28,n8,0,0,0,1,0,0,1,0,0,1,0,0,0,0,0,0,0,0,0,0,0,0,1,0,0
817,817,"2,6-Lutidine",THF,BOP-Cl,6-chloropyridazin-3-amine,Cc1cccc(C)n1,C1CCOC1,O=C1OCCN1P(=O)(Cl)N1CCOC1=O,N=c1ccc(Cl)n[nH]1,4.95,n9,0,1,0,0,1,0,0,0,0,0,0,1,0,0,0,0,0,0,0,0,0,0,0,1,0
959,959,Diisopropylethylamine,DMF,HOTU,methyl 2-amino-4-chlorobenzoate,CCN(C(C)C)C(C)C,CN(C)C=O,CCOC(=O)C(C#N)=N[O+]=C(N(C)C)N(C)C.F[P-](F)(F)(F)(F)F,COC(=O)c1ccc(Cl)cc1N,17.73,n10,0,0,0,1,0,0,1,0,0,0,0,0,0,0,1,0,0,0,0,0,0,0,0,0,1
65,65,"2,6-Lutidine",MeCN,TFFH,4-amino-2-(trifluoromethyl)benzonitrile,Cc1cccc(C)n1,CC#N,CN(C)C(=[F+])N(C)C.F[P-](F)(F)(F)(F)F,N#Cc1ccc(N)cc1C(F)(F)F,2.04,n1,0,1,0,0,0,1,0,0,0,0,0,0,1,0,0,1,0,0,0,0,0,0,0,0,0
201,201,"2,6-Lutidine",DMF,PFTU,"1,3-diphenyl-1H-pyrazol-5-amine",Cc1cccc(C)n1,CN(C)C=O,CN(C)C(=[O+]c1c(F)c(F)c(F)c(F)c1F)N(C)C.F[P-](F)(F)(F)(F)F,Nc1cc(-c2ccccc2)nn1-c1ccccc1,2.64,n3,0,1,0,0,0,0,1,1,0,0,0,0,0,0,0,0,0,1,0,0,0,0,0,0,0
230,230,N-methylmorpholine,THF,PyBOP,"1,3-diphenyl-1H-pyrazol-5-amine",CN1CCOCC1,C1CCOC1,F[P-](F)(F)(F)(F)F.c1ccc2c(c1)nnn2O[P+](N1CCCC1)(N1CCCC1)N1CCCC1,Nc1cc(-c2ccccc2)nn1-c1ccccc1,0.41,n3,0,0,1,0,1,0,0,0,0,0,1,0,0,0,0,0,0,1,0,0,0,0,0,0,0
894,894,N-methylmorpholine,MeCN,HATU,methyl 2-amino-4-chlorobenzoate,CN1CCOCC1,CC#N,CN(C)C(=[O+]n1nnc2cccnc21)N(C)C.F[P-](F)(F)(F)(F)F,COC(=O)c1ccc(Cl)cc1N,0.87,n10,0,0,1,0,0,1,0,0,0,1,0,0,0,0,0,0,0,0,0,0,0,0,0,0,1
185,185,"2,6-Lutidine",MeCN,HOTU,1-(4-aminophenyl)-N-methylmethanesulfonamide,Cc1cccc(C)n1,CC#N,CCOC(=O)C(C#N)=N[O+]=C(N(C)C)N(C)C.F[P-](F)(F)(F)(F)F,CNS(=O)(=O)Cc1ccc(N)cc1,56.37,n2,0,1,0,0,0,1,0,0,0,0,0,0,0,0,1,0,1,0,0,0,0,0,0,0,0
695,695,Diisopropylethylamine,DMF,TCFH,"2,6-diisopropylaniline",CCN(C(C)C)C(C)C,CN(C)C=O,CN(C)C(=[Cl+])N(C)C.F[P-](F)(F)(F)(F)F,CC(C)c1cccc(C(C)C)c1N,21.5,n8,0,0,0,1,0,0,1,0,1,0,0,0,0,0,0,0,0,0,0,0,0,0,1,0,0
64,64,1-Methylimidazole,MeCN,TFFH,4-amino-2-(trifluoromethyl)benzonitrile,Cn1ccnc1,CC#N,CN(C)C(=[F+])N(C)C.F[P-](F)(F)(F)(F)F,N#Cc1ccc(N)cc1C(F)(F)F,25.31,n1,1,0,0,0,0,1,0,0,0,0,0,0,1,0,0,1,0,0,0,0,0,0,0,0,0
548,548,1-Methylimidazole,DMF,TFFH,2-methyl-4-nitroaniline,Cn1ccnc1,CN(C)C=O,CN(C)C(=[F+])N(C)C.F[P-](F)(F)(F)(F)F,Cc1cc([N+](=O)[O-])ccc1N,1.58,n6,1,0,0,0,0,0,1,0,0,0,0,0,1,0,0,0,0,0,0,0,1,0,0,0,0
780,780,1-Methylimidazole,THF,TCFH,6-chloropyridazin-3-amine,Cn1ccnc1,C1CCOC1,CN(C)C(=[Cl+])N(C)C.F[P-](F)(F)(F)(F)F,N=c1ccc(Cl)n[nH]1,59.48,n9,1,0,0,0,1,0,0,0,1,0,0,0,0,0,0,0,0,0,0,0,0,0,0,1,0
197,197,"2,6-Lutidine",MeCN,PFTU,"1,3-diphenyl-1H-pyrazol-5-amine",Cc1cccc(C)n1,CC#N,CN(C)C(=[O+]c1c(F)c(F)c(F)c(F)c1F)N(C)C.F[P-](F)(F)(F)(F)F,Nc1cc(-c2ccccc2)nn1-c1ccccc1,0.71,n3,0,1,0,0,0,1,0,1,0,0,0,0,0,0,0,0,0,1,0,0,0,0,0,0,0
2,2,N-methylmorpholine,THF,PFTU,4-amino-2-(trifluoromethyl)benzonitrile,CN1CCOCC1,C1CCOC1,CN(C)C(=[O+]c1c(F)c(F)c(F)c(F)c1F)N(C)C.F[P-](F)(F)(F)(F)F,N#Cc1ccc(N)cc1C(F)(F)F,0.25,n1,0,0,1,0,1,0,0,1,0,0,0,0,0,0,0,1,0,0,0,0,0,0,0,0,0
350,350,N-methylmorpholine,THF,TFFH,"2-bromo-4,6-dimethylaniline",CN1CCOCC1,C1CCOC1,CN(C)C(=[F+])N(C)C.F[P-](F)(F)(F)(F)F,Cc1cc(C)c(N)c(Br)c1,6.98,n4,0,0,1,0,1,0,0,0,0,0,0,0,1,0,0,0,0,0,1,0,0,0,0,0,0
71,71,Diisopropylethylamine,DMF,TFFH,4-amino-2-(trifluoromethyl)benzonitrile,CCN(C(C)C)C(C)C,CN(C)C=O,CN(C)C(=[F+])N(C)C.F[P-](F)(F)(F)(F)F,N#Cc1ccc(N)cc1C(F)(F)F,20.17,n1,0,0,0,1,0,0,1,0,0,0,0,0,1,0,0,1,0,0,0,0,0,0,0,0,0
655,655,Diisopropylethylamine,MeCN,DPPCl,6-methylquinolin-5-amine,CCN(C(C)C)C(C)C,CC#N,O=P(Cl)(c1ccccc1)c1ccccc1,Cc1ccc2ncccc2c1N,38.68,n7,0,0,0,1,0,1,0,0,0,0,0,0,0,1,0,0,0,0,0,0,0,1,0,0,0
426,426,N-methylmorpholine,MeCN,PyBOP,3-amino-4-chlorobenzonitrile,CN1CCOCC1,CC#N,F[P-](F)(F)(F)(F)F.c1ccc2c(c1)nnn2O[P+](N1CCCC1)(N1CCCC1)N1CCCC1,N#Cc1ccc(Cl)c(N)c1,1.61,n5,0,0,1,0,0,1,0,0,0,0,1,0,0,0,0,0,0,0,0,1,0,0,0,0,0
459,459,Diisopropylethylamine,THF,DPPCl,3-amino-4-chlorobenzonitrile,CCN(C(C)C)C(C)C,C1CCOC1,O=P(Cl)(c1ccccc1)c1ccccc1,N#Cc1ccc(Cl)c(N)c1,38.28,n5,0,0,0,1,1,0,0,0,0,0,0,0,0,1,0,0,0,0,0,1,0,0,0,0,0
436,436,1-Methylimidazole,MeCN,BOP-Cl,3-amino-4-chlorobenzonitrile,Cn1ccnc1,CC#N,O=C1OCCN1P(=O)(Cl)N1CCOC1=O,N#Cc1ccc(Cl)c(N)c1,8.4,n5,1,0,0,0,0,1,0,0,0,0,0,1,0,0,0,0,0,0,0,1,0,0,0,0,0
731,731,Diisopropylethylamine,DMF,BOP-Cl,"2,6-diisopropylaniline",CCN(C(C)C)C(C)C,CN(C)C=O,O=C1OCCN1P(=O)(Cl)N1CCOC1=O,CC(C)c1cccc(C(C)C)c1N,4.99,n8,0,0,0,1,0,0,1,0,0,0,0,1,0,0,0,0,0,0,0,0,0,0,1,0,0
904,904,1-Methylimidazole,MeCN,PyBOP,methyl 2-amino-4-chlorobenzoate,Cn1ccnc1,CC#N,F[P-](F)(F)(F)(F)F.c1ccc2c(c1)nnn2O[P+](N1CCCC1)(N1CCCC1)N1CCCC1,COC(=O)c1ccc(Cl)cc1N,2.76,n10,1,0,0,0,0,1,0,0,0,0,1,0,0,0,0,0,0,0,0,0,0,0,0,0,1
925,925,"2,6-Lutidine",THF,TFFH,methyl 2-amino-4-chlorobenzoate,Cc1cccc(C)n1,C1CCOC1,CN(C)C(=[F+])N(C)C.F[P-](F)(F)(F)(F)F,COC(=O)c1ccc(Cl)cc1N,12.48,n10,0,1,0,0,1,0,0,0,0,0,0,0,1,0,0,0,0,0,0,0,0,0,0,0,1
711,711,Diisopropylethylamine,THF,PyBOP,"2,6-diisopropylaniline",CCN(C(C)C)C(C)C,C1CCOC1,F[P-](F)(F)(F)(F)F.c1ccc2c(c1)nnn2O[P+](N1CCCC1)(N1CCCC1)N1CCCC1,CC(C)c1cccc(C(C)C)c1N,18.45,n8,0,0,0,1,1,0,0,0,0,0,1,0,0,0,0,0,0,0,0,0,0,0,1,0,0
294,294,N-methylmorpholine,MeCN,PFTU,"2-bromo-4,6-dimethylaniline",CN1CCOCC1,CC#N,CN(C)C(=[O+]c1c(F)c(F)c(F)c(F)c1F)N(C)C.F[P-](F)(F)(F)(F)F,Cc1cc(C)c(N)c(Br)c1,3.61,n4,0,0,1,0,0,1,0,1,0,0,0,0,0,0,0,0,0,0,1,0,0,0,0,0,0
387,387,Diisopropylethylamine,THF,PFTU,3-amino-4-chlorobenzonitrile,CCN(C(C)C)C(C)C,C1CCOC1,CN(C)C(=[O+]c1c(F)c(F)c(F)c(F)c1F)N(C)C.F[P-](F)(F)(F)(F)F,N#Cc1ccc(Cl)c(N)c1,1.11,n5,0,0,0,1,1,0,0,1,0,0,0,0,0,0,0,0,0,0,0,1,0,0,0,0,0
806,806,N-methylmorpholine,THF,PyBOP,6-chloropyridazin-3-amine,CN1CCOCC1,C1CCOC1,F[P-](F)(F)(F)(F)F.c1ccc2c(c1)nnn2O[P+](N1CCCC1)(N1CCCC1)N1CCCC1,N=c1ccc(Cl)n[nH]1,20.72,n9,0,0,1,0,1,0,0,0,0,0,1,0,0,0,0,0,0,0,0,0,0,0,0,1,0
378,378,N-methylmorpholine,MeCN,HOTU,"2-bromo-4,6-dimethylaniline",CN1CCOCC1,CC#N,CCOC(=O)C(C#N)=N[O+]=C(N(C)C)N(C)C.F[P-](F)(F)(F)(F)F,Cc1cc(C)c(N)c(Br)c1,11.7,n4,0,0,1,0,0,1,0,0,0,0,0,0,0,0,1,0,0,0,1,0,0,0,0,0,0
445,445,"2,6-Lutidine",THF,TFFH,3-amino-4-chlorobenzonitrile,Cc1cccc(C)n1,C1CCOC1,CN(C)C(=[F+])N(C)C.F[P-](F)(F)(F)(F)F,N#Cc1ccc(Cl)c(N)c1,1.16,n5,0,1,0,0,1,0,0,0,0,0,0,0,1,0,0,0,0,0,0,1,0,0,0,0,0
811,811,Diisopropylethylamine,MeCN,PyBOP,6-chloropyridazin-3-amine,CCN(C(C)C)C(C)C,CC#N,F[P-](F)(F)(F)(F)F.c1ccc2c(c1)nnn2O[P+](N1CCCC1)(N1CCCC1)N1CCCC1,N=c1ccc(Cl)n[nH]1,24.04,n9,0,0,0,1,0,1,0,0,0,0,1,0,0,0,0,0,0,0,0,0,0,0,0,1,0
680,680,1-Methylimidazole,DMF,PFTU,"2,6-diisopropylaniline",Cn1ccnc1,CN(C)C=O,CN(C)C(=[O+]c1c(F)c(F)c(F)c(F)c1F)N(C)C.F[P-](F)(F)(F)(F)F,CC(C)c1cccc(C(C)C)c1N,29.35,n8,1,0,0,0,0,0,1,1,0,0,0,0,0,0,0,0,0,0,0,0,0,0,1,0,0
403,403,Diisopropylethylamine,MeCN,TCFH,3-amino-4-chlorobenzonitrile,CCN(C(C)C)C(C)C,CC#N,CN(C)C(=[Cl+])N(C)C.F[P-](F)(F)(F)(F)F,N#Cc1ccc(Cl)c(N)c1,5.36,n5,0,0,0,1,0,1,0,0,1,0,0,0,0,0,0,0,0,0,0,1,0,0,0,0,0
648,648,1-Methylimidazole,THF,DPPCl,6-methylquinolin-5-amine,Cn1ccnc1,C1CCOC1,O=P(Cl)(c1ccccc1)c1ccccc1,Cc1ccc2ncccc2c1N,70.03,n7,1,0,0,0,1,0,0,0,0,0,0,0,0,1,0,0,0,0,0,0,0,1,0,0,0
316,316,1-Methylimidazole,MeCN,HATU,"2-bromo-4,6-dimethylaniline",Cn1ccnc1,CC#N,CN(C)C(=[O+]n1nnc2cccnc21)N(C)C.F[P-](F)(F)(F)(F)F,Cc1cc(C)c(N)c(Br)c1,16.33,n4,1,0,0,0,0,1,0,0,0,1,0,0,0,0,0,0,0,0,1,0,0,0,0,0,0
595,595,Diisopropylethylamine,MeCN,TCFH,6-methylquinolin-5-amine,CCN(C(C)C)C(C)C,CC#N,CN(C)C(=[Cl+])N(C)C.F[P-](F)(F)(F)(F)F,Cc1ccc2ncccc2c1N,29.52,n7,0,0,0,1,0,1,0,0,1,0,0,0,0,0,0,0,0,0,0,0,0,1,0,0,0
163,163,Diisopropylethylamine,MeCN,TFFH,1-(4-aminophenyl)-N-methylmethanesulfonamide,CCN(C(C)C)C(C)C,CC#N,CN(C)C(=[F+])N(C)C.F[P-](F)(F)(F)(F)F,CNS(=O)(=O)Cc1ccc(N)cc1,24.79,n2,0,0,0,1,0,1,0,0,0,0,0,0,1,0,0,0,1,0,0,0,0,0,0,0,0
133,133,"2,6-Lutidine",THF,PyBOP,1-(4-aminophenyl)-N-methylmethanesulfonamide,Cc1cccc(C)n1,C1CCOC1,F[P-](F)(F)(F)(F)F.c1ccc2c(c1)nnn2O[P+](N1CCCC1)(N1CCCC1)N1CCCC1,CNS(=O)(=O)Cc1ccc(N)cc1,59.18,n2,0,1,0,0,1,0,0,0,0,0,1,0,0,0,0,0,1,0,0,0,0,0,0,0,0
935,935,Diisopropylethylamine,DMF,TFFH,methyl 2-amino-4-chlorobenzoate,CCN(C(C)C)C(C)C,CN(C)C=O,CN(C)C(=[F+])N(C)C.F[P-](F)(F)(F)(F)F,COC(=O)c1ccc(Cl)cc1N,1.36,n10,0,0,0,1,0,0,1,0,0,0,0,0,1,0,0,0,0,0,0,0,0,0,0,0,1
21,21,"2,6-Lutidine",DMF,TCFH,4-amino-2-(trifluoromethyl)benzonitrile,Cc1cccc(C)n1,CN(C)C=O,CN(C)C(=[Cl+])N(C)C.F[P-](F)(F)(F)(F)F,N#Cc1ccc(N)cc1C(F)(F)F,13.19,n1,0,1,0,0,0,0,1,0,1,0,0,0,0,0,0,1,0,0,0,0,0,0,0,0,0
40,40,1-Methylimidazole,MeCN,PyBOP,4-amino-2-(trifluoromethyl)benzonitrile,Cn1ccnc1,CC#N,F[P-](F)(F)(F)(F)F.c1ccc2c(c1)nnn2O[P+](N1CCCC1)(N1CCCC1)N1CCCC1,N#Cc1ccc(N)cc1C(F)(F)F,1.84,n1,1,0,0,0,0,1,0,0,0,0,1,0,0,0,0,1,0,0,0,0,0,0,0,0,0
362,362,N-methylmorpholine,THF,DPPCl,"2-bromo-4,6-dimethylaniline",CN1CCOCC1,C1CCOC1,O=P(Cl)(c1ccccc1)c1ccccc1,Cc1cc(C)c(N)c(Br)c1,4.85,n4,0,0,1,0,1,0,0,0,0,0,0,0,0,1,0,0,0,0,1,0,0,0,0,0,0
487,487,Diisopropylethylamine,MeCN,PFTU,2-methyl-4-nitroaniline,CCN(C(C)C)C(C)C,CC#N,CN(C)C(=[O+]c1c(F)c(F)c(F)c(F)c1F)N(C)C.F[P-](F)(F)(F)(F)F,Cc1cc([N+](=O)[O-])ccc1N,2.26,n6,0,0,0,1,0,1,0,1,0,0,0,0,0,0,0,0,0,0,0,0,1,0,0,0,0
72,72,1-Methylimidazole,THF,DPPCl,4-amino-2-(trifluoromethyl)benzonitrile,Cn1ccnc1,C1CCOC1,O=P(Cl)(c1ccccc1)c1ccccc1,N#Cc1ccc(N)cc1C(F)(F)F,20.65,n1,1,0,0,0,1,0,0,0,0,0,0,0,0,1,0,1,0,0,0,0,0,0,0,0,0
660,660,1-Methylimidazole,THF,HOTU,6-methylquinolin-5-amine,Cn1ccnc1,C1CCOC1,CCOC(=O)C(C#N)=N[O+]=C(N(C)C)N(C)C.F[P-](F)(F)(F)(F)F,Cc1ccc2ncccc2c1N,15.47,n7,1,0,0,0,1,0,0,0,0,0,0,0,0,0,1,0,0,0,0,0,0,1,0,0,0
336,336,1-Methylimidazole,THF,BOP-Cl,"2-bromo-4,6-dimethylaniline",Cn1ccnc1,C1CCOC1,O=C1OCCN1P(=O)(Cl)N1CCOC1=O,Cc1cc(C)c(N)c(Br)c1,6.3,n4,1,0,0,0,1,0,0,0,0,0,0,1,0,0,0,0,0,0,1,0,0,0,0,0,0
383,383,Diisopropylethylamine,DMF,HOTU,"2-bromo-4,6-dimethylaniline",CCN(C(C)C)C(C)C,CN(C)C=O,CCOC(=O)C(C#N)=N[O+]=C(N(C)C)N(C)C.F[P-](F)(F)(F)(F)F,Cc1cc(C)c(N)c(Br)c1,10.91,n4,0,0,0,1,0,0,1,0,0,0,0,0,0,0,1,0,0,0,1,0,0,0,0,0,0
787,787,Diisopropylethylamine,MeCN,TCFH,6-chloropyridazin-3-amine,CCN(C(C)C)C(C)C,CC#N,CN(C)C(=[Cl+])N(C)C.F[P-](F)(F)(F)(F)F,N=c1ccc(Cl)n[nH]1,13.57,n9,0,0,0,1,0,1,0,0,1,0,0,0,0,0,0,0,0,0,0,0,0,0,0,1,0
835,835,Diisopropylethylamine,MeCN,TFFH,6-chloropyridazin-3-amine,CCN(C(C)C)C(C)C,CC#N,CN(C)C(=[F+])N(C)C.F[P-](F)(F)(F)(F)F,N=c1ccc(Cl)n[nH]1,30.48,n9,0,0,0,1,0,1,0,0,0,0,0,0,1,0,0,0,0,0,0,0,0,0,0,1,0
866,866,N-methylmorpholine,THF,PFTU,methyl 2-amino-4-chlorobenzoate,CN1CCOCC1,C1CCOC1,CN(C)C(=[O+]c1c(F)c(F)c(F)c(F)c1F)N(C)C.F[P-](F)(F)(F)(F)F,COC(=O)c1ccc(Cl)cc1N,20.95,n10,0,0,1,0,1,0,0,1,0,0,0,0,0,0,0,0,0,0,0,0,0,0,0,0,1
221,221,"2,6-Lutidine",MeCN,HATU,"1,3-diphenyl-1H-pyrazol-5-amine",Cc1cccc(C)n1,CC#N,CN(C)C(=[O+]n1nnc2cccnc21)N(C)C.F[P-](F)(F)(F)(F)F,Nc1cc(-c2ccccc2)nn1-c1ccccc1,6.0,n3,0,1,0,0,0,1,0,0,0,1,0,0,0,0,0,0,0,1,0,0,0,0,0,0,0
236,236,1-Methylimidazole,DMF,PyBOP,"1,3-diphenyl-1H-pyrazol-5-amine",Cn1ccnc1,CN(C)C=O,F[P-](F)(F)(F)(F)F.c1ccc2c(c1)nnn2O[P+](N1CCCC1)(N1CCCC1)N1CCCC1,Nc1cc(-c2ccccc2)nn1-c1ccccc1,11.78,n3,1,0,0,0,0,0,1,0,0,0,1,0,0,0,0,0,0,1,0,0,0,0,0,0,0
11,11,Diisopropylethylamine,DMF,PFTU,4-amino-2-(trifluoromethyl)benzonitrile,CCN(C(C)C)C(C)C,CN(C)C=O,CN(C)C(=[O+]c1c(F)c(F)c(F)c(F)c1F)N(C)C.F[P-](F)(F)(F)(F)F,N#Cc1ccc(N)cc1C(F)(F)F,1.49,n1,0,0,0,1,0,0,1,1,0,0,0,0,0,0,0,1,0,0,0,0,0,0,0,0,0
818,818,N-methylmorpholine,THF,BOP-Cl,6-chloropyridazin-3-amine,CN1CCOCC1,C1CCOC1,O=C1OCCN1P(=O)(Cl)N1CCOC1=O,N=c1ccc(Cl)n[nH]1,19.57,n9,0,0,1,0,1,0,0,0,0,0,0,1,0,0,0,0,0,0,0,0,0,0,0,1,0
101,101,"2,6-Lutidine",MeCN,PFTU,1-(4-aminophenyl)-N-methylmethanesulfonamide,Cc1cccc(C)n1,CC#N,CN(C)C(=[O+]c1c(F)c(F)c(F)c(F)c1F)N(C)C.F[P-](F)(F)(F)(F)F,CNS(=O)(=O)Cc1ccc(N)cc1,30.22,n2,0,1,0,0,0,1,0,1,0,0,0,0,0,0,0,0,1,0,0,0,0,0,0,0,0
353,353,"2,6-Lutidine",MeCN,TFFH,"2-bromo-4,6-dimethylaniline",Cc1cccc(C)n1,CC#N,CN(C)C(=[F+])N(C)C.F[P-](F)(F)(F)(F)F,Cc1cc(C)c(N)c(Br)c1,4.95,n4,0,1,0,0,0,1,0,0,0,0,0,0,1,0,0,0,0,0,1,0,0,0,0,0,0
782,782,N-methylmorpholine,THF,TCFH,6-chloropyridazin-3-amine,CN1CCOCC1,C1CCOC1,CN(C)C(=[Cl+])N(C)C.F[P-](F)(F)(F)(F)F,N=c1ccc(Cl)n[nH]1,27.98,n9,0,0,1,0,1,0,0,0,1,0,0,0,0,0,0,0,0,0,0,0,0,0,0,1,0
543,543,Diisopropylethylamine,THF,TFFH,2-methyl-4-nitroaniline,CCN(C(C)C)C(C)C,C1CCOC1,CN(C)C(=[F+])N(C)C.F[P-](F)(F)(F)(F)F,Cc1cc([N+](=O)[O-])ccc1N,2.71,n6,0,0,0,1,1,0,0,0,0,0,0,0,1,0,0,0,0,0,0,0,1,0,0,0,0
132,132,1-Methylimidazole,THF,PyBOP,1-(4-aminophenyl)-N-methylmethanesulfonamide,Cn1ccnc1,C1CCOC1,F[P-](F)(F)(F)(F)F.c1ccc2c(c1)nnn2O[P+](N1CCCC1)(N1CCCC1)N1CCCC1,CNS(=O)(=O)Cc1ccc(N)cc1,45.28,n2,1,0,0,0,1,0,0,0,0,0,1,0,0,0,0,0,1,0,0,0,0,0,0,0,0
277,277,"2,6-Lutidine",THF,HOTU,"1,3-diphenyl-1H-pyrazol-5-amine",Cc1cccc(C)n1,C1CCOC1,CCOC(=O)C(C#N)=N[O+]=C(N(C)C)N(C)C.F[P-](F)(F)(F)(F)F,Nc1cc(-c2ccccc2)nn1-c1ccccc1,2.62,n3,0,1,0,0,1,0,0,0,0,0,0,0,0,0,1,0,0,1,0,0,0,0,0,0,0
505,505,"2,6-Lutidine",THF,HATU,2-methyl-4-nitroaniline,Cc1cccc(C)n1,C1CCOC1,CN(C)C(=[O+]n1nnc2cccnc21)N(C)C.F[P-](F)(F)(F)(F)F,Cc1cc([N+](=O)[O-])ccc1N,0.43,n6,0,1,0,0,1,0,0,0,0,1,0,0,0,0,0,0,0,0,0,0,1,0,0,0,0
112,112,1-Methylimidazole,MeCN,TCFH,1-(4-aminophenyl)-N-methylmethanesulfonamide,Cn1ccnc1,CC#N,CN(C)C(=[Cl+])N(C)C.F[P-](F)(F)(F)(F)F,CNS(=O)(=O)Cc1ccc(N)cc1,63.09,n2,1,0,0,0,0,1,0,0,1,0,0,0,0,0,0,0,1,0,0,0,0,0,0,0,0
389,389,"2,6-Lutidine",MeCN,PFTU,3-amino-4-chlorobenzonitrile,Cc1cccc(C)n1,CC#N,CN(C)C(=[O+]c1c(F)c(F)c(F)c(F)c1F)N(C)C.F[P-](F)(F)(F)(F)F,N#Cc1ccc(Cl)c(N)c1,1.69,n5,0,1,0,0,0,1,0,1,0,0,0,0,0,0,0,0,0,0,0,1,0,0,0,0,0
546,546,N-methylmorpholine,MeCN,TFFH,2-methyl-4-nitroaniline,CN1CCOCC1,CC#N,CN(C)C(=[F+])N(C)C.F[P-](F)(F)(F)(F)F,Cc1cc([N+](=O)[O-])ccc1N,2.9,n6,0,0,1,0,0,1,0,0,0,0,0,0,1,0,0,0,0,0,0,0,1,0,0,0,0
715,715,Diisopropylethylamine,MeCN,PyBOP,"2,6-diisopropylaniline",CCN(C(C)C)C(C)C,CC#N,F[P-](F)(F)(F)(F)F.c1ccc2c(c1)nnn2O[P+](N1CCCC1)(N1CCCC1)N1CCCC1,CC(C)c1cccc(C(C)C)c1N,25.09,n8,0,0,0,1,0,1,0,0,0,0,1,0,0,0,0,0,0,0,0,0,0,0,1,0,0
869,869,"2,6-Lutidine",MeCN,PFTU,methyl 2-amino-4-chlorobenzoate,Cc1cccc(C)n1,CC#N,CN(C)C(=[O+]c1c(F)c(F)c(F)c(F)c1F)N(C)C.F[P-](F)(F)(F)(F)F,COC(=O)c1ccc(Cl)cc1N,6.44,n10,0,1,0,0,0,1,0,1,0,0,0,0,0,0,0,0,0,0,0,0,0,0,0,0,1
218,218,N-methylmorpholine,THF,HATU,"1,3-diphenyl-1H-pyrazol-5-amine",CN1CCOCC1,C1CCOC1,CN(C)C(=[O+]n1nnc2cccnc21)N(C)C.F[P-](F)(F)(F)(F)F,Nc1cc(-c2ccccc2)nn1-c1ccccc1,6.35,n3,0,0,1,0,1,0,0,0,0,1,0,0,0,0,0,0,0,1,0,0,0,0,0,0,0
492,492,1-Methylimidazole,THF,TCFH,2-methyl-4-nitroaniline,Cn1ccnc1,C1CCOC1,CN(C)C(=[Cl+])N(C)C.F[P-](F)(F)(F)(F)F,Cc1cc([N+](=O)[O-])ccc1N,3.12,n6,1,0,0,0,1,0,0,0,1,0,0,0,0,0,0,0,0,0,0,0,1,0,0,0,0
408,408,1-Methylimidazole,THF,HATU,3-amino-4-chlorobenzonitrile,Cn1ccnc1,C1CCOC1,CN(C)C(=[O+]n1nnc2cccnc21)N(C)C.F[P-](F)(F)(F)(F)F,N#Cc1ccc(Cl)c(N)c1,2.21,n5,1,0,0,0,1,0,0,0,0,1,0,0,0,0,0,0,0,0,0,1,0,0,0,0,0
340,340,1-Methylimidazole,MeCN,BOP-Cl,"2-bromo-4,6-dimethylaniline",Cn1ccnc1,CC#N,O=C1OCCN1P(=O)(Cl)N1CCOC1=O,Cc1cc(C)c(N)c(Br)c1,6.92,n4,1,0,0,0,0,1,0,0,0,0,0,1,0,0,0,0,0,0,1,0,0,0,0,0,0
149,149,"2,6-Lutidine",MeCN,BOP-Cl,1-(4-aminophenyl)-N-methylmethanesulfonamide,Cc1cccc(C)n1,CC#N,O=C1OCCN1P(=O)(Cl)N1CCOC1=O,CNS(=O)(=O)Cc1ccc(N)cc1,55.21,n2,0,1,0,0,0,1,0,0,0,0,0,1,0,0,0,0,1,0,0,0,0,0,0,0,0
466,466,N-methylmorpholine,DMF,DPPCl,3-amino-4-chlorobenzonitrile,CN1CCOCC1,CN(C)C=O,O=P(Cl)(c1ccccc1)c1ccccc1,N#Cc1ccc(Cl)c(N)c1,35.88,n5,0,0,1,0,0,0,1,0,0,0,0,0,0,1,0,0,0,0,0,1,0,0,0,0,0
417,417,"2,6-Lutidine",DMF,HATU,3-amino-4-chlorobenzonitrile,Cc1cccc(C)n1,CN(C)C=O,CN(C)C(=[O+]n1nnc2cccnc21)N(C)C.F[P-](F)(F)(F)(F)F,N#Cc1ccc(Cl)c(N)c1,2.21,n5,0,1,0,0,0,0,1,0,0,1,0,0,0,0,0,0,0,0,0,1,0,0,0,0,0
850,850,N-methylmorpholine,DMF,DPPCl,6-chloropyridazin-3-amine,CN1CCOCC1,CN(C)C=O,O=P(Cl)(c1ccccc1)c1ccccc1,N=c1ccc(Cl)n[nH]1,70.91,n9,0,0,1,0,0,0,1,0,0,0,0,0,0,1,0,0,0,0,0,0,0,0,0,1,0
862,862,N-methylmorpholine,DMF,HOTU,6-chloropyridazin-3-amine,CN1CCOCC1,CN(C)C=O,CCOC(=O)C(C#N)=N[O+]=C(N(C)C)N(C)C.F[P-](F)(F)(F)(F)F,N=c1ccc(Cl)n[nH]1,18.37,n9,0,0,1,0,0,0,1,0,0,0,0,0,0,0,1,0,0,0,0,0,0,0,0,1,0
418,418,N-methylmorpholine,DMF,HATU,3-amino-4-chlorobenzonitrile,CN1CCOCC1,CN(C)C=O,CN(C)C(=[O+]n1nnc2cccnc21)N(C)C.F[P-](F)(F)(F)(F)F,N#Cc1ccc(Cl)c(N)c1,4.62,n5,0,0,1,0,0,0,1,0,0,1,0,0,0,0,0,0,0,0,0,1,0,0,0,0,0
645,645,"2,6-Lutidine",DMF,TFFH,6-methylquinolin-5-amine,Cc1cccc(C)n1,CN(C)C=O,CN(C)C(=[F+])N(C)C.F[P-](F)(F)(F)(F)F,Cc1ccc2ncccc2c1N,3.21,n7,0,1,0,0,0,0,1,0,0,0,0,0,1,0,0,0,0,0,0,0,0,1,0,0,0
937,937,"2,6-Lutidine",THF,DPPCl,methyl 2-amino-4-chlorobenzoate,Cc1cccc(C)n1,C1CCOC1,O=P(Cl)(c1ccccc1)c1ccccc1,COC(=O)c1ccc(Cl)cc1N,2.4,n10,0,1,0,0,1,0,0,0,0,0,0,0,0,1,0,0,0,0,0,0,0,0,0,0,1
887,887,Diisopropylethylamine,DMF,TCFH,methyl 2-amino-4-chlorobenzoate,CCN(C(C)C)C(C)C,CN(C)C=O,CN(C)C(=[Cl+])N(C)C.F[P-](F)(F)(F)(F)F,COC(=O)c1ccc(Cl)cc1N,3.51,n10,0,0,0,1,0,0,1,0,1,0,0,0,0,0,0,0,0,0,0,0,0,0,0,0,1
847,847,Diisopropylethylamine,MeCN,DPPCl,6-chloropyridazin-3-amine,CCN(C(C)C)C(C)C,CC#N,O=P(Cl)(c1ccccc1)c1ccccc1,N=c1ccc(Cl)n[nH]1,85.58,n9,0,0,0,1,0,1,0,0,0,0,0,0,0,1,0,0,0,0,0,0,0,0,0,1,0
276,276,1-Methylimidazole,THF,HOTU,"1,3-diphenyl-1H-pyrazol-5-amine",Cn1ccnc1,C1CCOC1,CCOC(=O)C(C#N)=N[O+]=C(N(C)C)N(C)C.F[P-](F)(F)(F)(F)F,Nc1cc(-c2ccccc2)nn1-c1ccccc1,23.06,n3,1,0,0,0,1,0,0,0,0,0,0,0,0,0,1,0,0,1,0,0,0,0,0,0,0
733,733,"2,6-Lutidine",THF,TFFH,"2,6-diisopropylaniline",Cc1cccc(C)n1,C1CCOC1,CN(C)C(=[F+])N(C)C.F[P-](F)(F)(F)(F)F,CC(C)c1cccc(C(C)C)c1N,0.11,n8,0,1,0,0,1,0,0,0,0,0,0,0,1,0,0,0,0,0,0,0,0,0,1,0,0
388,388,1-Methylimidazole,MeCN,PFTU,3-amino-4-chlorobenzonitrile,Cn1ccnc1,CC#N,CN(C)C(=[O+]c1c(F)c(F)c(F)c(F)c1F)N(C)C.F[P-](F)(F)(F)(F)F,N#Cc1ccc(Cl)c(N)c1,1.42,n5,1,0,0,0,0,1,0,1,0,0,0,0,0,0,0,0,0,0,0,1,0,0,0,0,0
742,742,N-methylmorpholine,DMF,TFFH,"2,6-diisopropylaniline",CN1CCOCC1,CN(C)C=O,CN(C)C(=[F+])N(C)C.F[P-](F)(F)(F)(F)F,CC(C)c1cccc(C(C)C)c1N,4.77,n8,0,0,1,0,0,0,1,0,0,0,0,0,1,0,0,0,0,0,0,0,0,0,1,0,0
167,167,Diisopropylethylamine,DMF,TFFH,1-(4-aminophenyl)-N-methylmethanesulfonamide,CCN(C(C)C)C(C)C,CN(C)C=O,CN(C)C(=[F+])N(C)C.F[P-](F)(F)(F)(F)F,CNS(=O)(=O)Cc1ccc(N)cc1,45.28,n2,0,0,0,1,0,0,1,0,0,0,0,0,1,0,0,0,1,0,0,0,0,0,0,0,0
447,447,Diisopropylethylamine,THF,TFFH,3-amino-4-chlorobenzonitrile,CCN(C(C)C)C(C)C,C1CCOC1,CN(C)C(=[F+])N(C)C.F[P-](F)(F)(F)(F)F,N#Cc1ccc(Cl)c(N)c1,10.38,n5,0,0,0,1,1,0,0,0,0,0,0,0,1,0,0,0,0,0,0,1,0,0,0,0,0
770,770,N-methylmorpholine,THF,PFTU,6-chloropyridazin-3-amine,CN1CCOCC1,C1CCOC1,CN(C)C(=[O+]c1c(F)c(F)c(F)c(F)c1F)N(C)C.F[P-](F)(F)(F)(F)F,N=c1ccc(Cl)n[nH]1,1.5,n9,0,0,1,0,1,0,0,1,0,0,0,0,0,0,0,0,0,0,0,0,0,0,0,1,0
