,base_smiles,ligand_smiles,substrate_smiles,additive_smiles,product_smiles,yield,additive_id,substrate_id,base_name,ligand_name,*Cl,*Br,*I,*OC,*CC,*c1ccccn1,*c1cccnc1,*C(F)(F)F,P2Et,BTMG,MTBD,XPhos,tBuXPhos,tBuBrettPhos,AdBrettPhos,a1,a2,a3,a4,a5,a6,a7,a8,a9,a10,a11,a12,a13,a14,a15,a16,a17,a18,a19,a20
2,CN(C)P(N(C)C)(N(C)C)=NP(N(C)C)(N(C)C)=NCC,CC(C)C1=CC(C(C)C)=CC(C(C)C)=C1C2=C(P(C3CCCCC3)C4CCCCC4)C=CC=C2,FC(F)(F)c1ccc(I)cc1,none,Cc1ccc(Nc2ccc(C(F)(F)F)cc2)cc1,47.51582059,a1,s3,P2Et,XPhos,0,0,1,0,0,0,0,1,1,0,0,1,0,0,0,1,0,0,0,0,0,0,0,0,0,0,0,0,0,0,0,0,0,0,0
17,CN(C)/C(N(C)C)=N\C(C)(C)C,CC(C)C1=CC(C(C)C)=CC(C(C)C)=C1C2=C(P(C3CCCCC3)C4CCCCC4)C=CC=C2,FC(F)(F)c1ccc(I)cc1,none,Cc1ccc(Nc2ccc(C(F)(F)F)cc2)cc1,40.10891679,a1,s3,BTMG,XPhos,0,0,1,0,0,0,0,1,0,1,0,1,0,0,0,1,0,0,0,0,0,0,0,0,0,0,0,0,0,0,0,0,0,0,0
32,CN1CCCN2CCCN=C12,CC(C)C1=CC(C(C)C)=CC(C(C)C)=C1C2=C(P(C3CCCCC3)C4CCCCC4)C=CC=C2,FC(F)(F)c1ccc(I)cc1,none,Cc1ccc(Nc2ccc(C(F)(F)F)cc2)cc1,43.17090647,a1,s3,MTBD,XPhos,0,0,1,0,0,0,0,1,0,0,1,1,0,0,0,1,0,0,0,0,0,0,0,0,0,0,0,0,0,0,0,0,0,0,0
47,CN(C)P(N(C)C)(N(C)C)=NP(N(C)C)(N(C)C)=NCC,CC(C)C1=CC(C(C)C)=CC(C(C)C)=C1C2=C(P(C3CCCCC3)C4CCCCC4)C=CC=C2,FC(F)(F)c1ccc(I)cc1,o1nccc1c2ccccc2,Cc1ccc(Nc2ccc(C(F)(F)F)cc2)cc1,18.27868619,a2,s3,P2Et,XPhos,0,0,1,0,0,0,0,1,1,0,0,1,0,0,0,0,1,0,0,0,0,0,0,0,0,0,0,0,0,0,0,0,0,0,0
62,CN(C)/C(N(C)C)=N\C(C)(C)C,CC(C)C1=CC(C(C)C)=CC(C(C)C)=C1C2=C(P(C3CCCCC3)C4CCCCC4)C=CC=C2,FC(F)(F)c1ccc(I)cc1,o1nccc1c2ccccc2,Cc1ccc(Nc2ccc(C(F)(F)F)cc2)cc1,38.15573638,a2,s3,BTMG,XPhos,0,0,1,0,0,0,0,1,0,1,0,1,0,0,0,0,1,0,0,0,0,0,0,0,0,0,0,0,0,0,0,0,0,0,0
77,CN1CCCN2CCCN=C12,CC(C)C1=CC(C(C)C)=CC(C(C)C)=C1C2=C(P(C3CCCCC3)C4CCCCC4)C=CC=C2,FC(F)(F)c1ccc(I)cc1,o1nccc1c2ccccc2,Cc1ccc(Nc2ccc(C(F)(F)F)cc2)cc1,39.57783871,a2,s3,MTBD,XPhos,0,0,1,0,0,0,0,1,0,0,1,1,0,0,0,0,1,0,0,0,0,0,0,0,0,0,0,0,0,0,0,0,0,0,0
92,CN(C)P(N(C)C)(N(C)C)=NP(N(C)C)(N(C)C)=NCC,CC(C)C1=CC(C(C)C)=CC(C(C)C)=C1C2=C(P(C3CCCCC3)C4CCCCC4)C=CC=C2,FC(F)(F)c1ccc(I)cc1,CCOC(=O)c1onc(C)c1,Cc1ccc(Nc2ccc(C(F)(F)F)cc2)cc1,43.31814591,a3,s3,P2Et,XPhos,0,0,1,0,0,0,0,1,1,0,0,1,0,0,0,0,0,1,0,0,0,0,0,0,0,0,0,0,0,0,0,0,0,0,0
107,CN(C)/C(N(C)C)=N\C(C)(C)C,CC(C)C1=CC(C(C)C)=CC(C(C)C)=C1C2=C(P(C3CCCCC3)C4CCCCC4)C=CC=C2,FC(F)(F)c1ccc(I)cc1,CCOC(=O)c1onc(C)c1,Cc1ccc(Nc2ccc(C(F)(F)F)cc2)cc1,41.2456065,a3,s3,BTMG,XPhos,0,0,1,0,0,0,0,1,0,1,0,1,0,0,0,0,0,1,0,0,0,0,0,0,0,0,0,0,0,0,0,0,0,0,0
122,CN1CCCN2CCCN=C12,CC(C)C1=CC(C(C)C)=CC(C(C)C)=C1C2=C(P(C3CCCCC3)C4CCCCC4)C=CC=C2,FC(F)(F)c1ccc(I)cc1,CCOC(=O)c1onc(C)c1,Cc1ccc(Nc2ccc(C(F)(F)F)cc2)cc1,46.63249784,a3,s3,MTBD,XPhos,0,0,1,0,0,0,0,1,0,0,1,1,0,0,0,0,0,1,0,0,0,0,0,0,0,0,0,0,0,0,0,0,0,0,0
137,CN(C)P(N(C)C)(N(C)C)=NP(N(C)C)(N(C)C)=NCC,CC(C)C1=CC(C(C)C)=CC(C(C)C)=C1C2=C(P(C3CCCCC3)C4CCCCC4)C=CC=C2,FC(F)(F)c1ccc(I)cc1,CCOC(=O)c1cc(C)on1,Cc1ccc(Nc2ccc(C(F)(F)F)cc2)cc1,34.74876407,a4,s3,P2Et,XPhos,0,0,1,0,0,0,0,1,1,0,0,1,0,0,0,0,0,0,1,0,0,0,0,0,0,0,0,0,0,0,0,0,0,0,0
152,CN(C)/C(N(C)C)=N\C(C)(C)C,CC(C)C1=CC(C(C)C)=CC(C(C)C)=C1C2=C(P(C3CCCCC3)C4CCCCC4)C=CC=C2,FC(F)(F)c1ccc(I)cc1,CCOC(=O)c1cc(C)on1,Cc1ccc(Nc2ccc(C(F)(F)F)cc2)cc1,41.70005044,a4,s3,BTMG,XPhos,0,0,1,0,0,0,0,1,0,1,0,1,0,0,0,0,0,0,1,0,0,0,0,0,0,0,0,0,0,0,0,0,0,0,0
167,CN1CCCN2CCCN=C12,CC(C)C1=CC(C(C)C)=CC(C(C)C)=C1C2=C(P(C3CCCCC3)C4CCCCC4)C=CC=C2,FC(F)(F)c1ccc(I)cc1,CCOC(=O)c1cc(C)on1,Cc1ccc(Nc2ccc(C(F)(F)F)cc2)cc1,43.5835106,a4,s3,MTBD,XPhos,0,0,1,0,0,0,0,1,0,0,1,1,0,0,0,0,0,0,1,0,0,0,0,0,0,0,0,0,0,0,0,0,0,0,0
182,CN(C)P(N(C)C)(N(C)C)=NP(N(C)C)(N(C)C)=NCC,CC(C)C(C=C(C(C)C)C=C1C(C)C)=C1C2=CC=CC=C2P(C(C)(C)C)C(C)(C)C,FC(F)(F)c1ccc(I)cc1,none,Cc1ccc(Nc2ccc(C(F)(F)F)cc2)cc1,46.67923287,a1,s3,P2Et,tBuXPhos,0,0,1,0,0,0,0,1,1,0,0,0,1,0,0,1,0,0,0,0,0,0,0,0,0,0,0,0,0,0,0,0,0,0,0
197,CN(C)/C(N(C)C)=N\C(C)(C)C,CC(C)C(C=C(C(C)C)C=C1C(C)C)=C1C2=CC=CC=C2P(C(C)(C)C)C(C)(C)C,FC(F)(F)c1ccc(I)cc1,none,Cc1ccc(Nc2ccc(C(F)(F)F)cc2)cc1,45.01345928,a1,s3,BTMG,tBuXPhos,0,0,1,0,0,0,0,1,0,1,0,0,1,0,0,1,0,0,0,0,0,0,0,0,0,0,0,0,0,0,0,0,0,0,0
212,CN1CCCN2CCCN=C12,CC(C)C(C=C(C(C)C)C=C1C(C)C)=C1C2=CC=CC=C2P(C(C)(C)C)C(C)(C)C,FC(F)(F)c1ccc(I)cc1,none,Cc1ccc(Nc2ccc(C(F)(F)F)cc2)cc1,51.209226,a1,s3,MTBD,tBuXPhos,0,0,1,0,0,0,0,1,0,0,1,0,1,0,0,1,0,0,0,0,0,0,0,0,0,0,0,0,0,0,0,0,0,0,0
227,CN(C)P(N(C)C)(N(C)C)=NP(N(C)C)(N(C)C)=NCC,CC(C)C(C=C(C(C)C)C=C1C(C)C)=C1C2=CC=CC=C2P(C(C)(C)C)C(C)(C)C,FC(F)(F)c1ccc(I)cc1,o1nccc1c2ccccc2,Cc1ccc(Nc2ccc(C(F)(F)F)cc2)cc1,16.81589184,a2,s3,P2Et,tBuXPhos,0,0,1,0,0,0,0,1,1,0,0,0,1,0,0,0,1,0,0,0,0,0,0,0,0,0,0,0,0,0,0,0,0,0,0
242,CN(C)/C(N(C)C)=N\C(C)(C)C,CC(C)C(C=C(C(C)C)C=C1C(C)C)=C1C2=CC=CC=C2P(C(C)(C)C)C(C)(C)C,FC(F)(F)c1ccc(I)cc1,o1nccc1c2ccccc2,Cc1ccc(Nc2ccc(C(F)(F)F)cc2)cc1,43.73298112,a2,s3,BTMG,tBuXPhos,0,0,1,0,0,0,0,1,0,1,0,0,1,0,0,0,1,0,0,0,0,0,0,0,0,0,0,0,0,0,0,0,0,0,0
257,CN1CCCN2CCCN=C12,CC(C)C(C=C(C(C)C)C=C1C(C)C)=C1C2=CC=CC=C2P(C(C)(C)C)C(C)(C)C,FC(F)(F)c1ccc(I)cc1,o1nccc1c2ccccc2,Cc1ccc(Nc2ccc(C(F)(F)F)cc2)cc1,50.13634297,a2,s3,MTBD,tBuXPhos,0,0,1,0,0,0,0,1,0,0,1,0,1,0,0,0,1,0,0,0,0,0,0,0,0,0,0,0,0,0,0,0,0,0,0
272,CN(C)P(N(C)C)(N(C)C)=NP(N(C)C)(N(C)C)=NCC,CC(C)C(C=C(C(C)C)C=C1C(C)C)=C1C2=CC=CC=C2P(C(C)(C)C)C(C)(C)C,FC(F)(F)c1ccc(I)cc1,CCOC(=O)c1onc(C)c1,Cc1ccc(Nc2ccc(C(F)(F)F)cc2)cc1,45.08048043,a3,s3,P2Et,tBuXPhos,0,0,1,0,0,0,0,1,1,0,0,0,1,0,0,0,0,1,0,0,0,0,0,0,0,0,0,0,0,0,0,0,0,0,0
287,CN(C)/C(N(C)C)=N\C(C)(C)C,CC(C)C(C=C(C(C)C)C=C1C(C)C)=C1C2=CC=CC=C2P(C(C)(C)C)C(C)(C)C,FC(F)(F)c1ccc(I)cc1,CCOC(=O)c1onc(C)c1,Cc1ccc(Nc2ccc(C(F)(F)F)cc2)cc1,46.25838016,a3,s3,BTMG,tBuXPhos,0,0,1,0,0,0,0,1,0,1,0,0,1,0,0,0,0,1,0,0,0,0,0,0,0,0,0,0,0,0,0,0,0,0,0
302,CN1CCCN2CCCN=C12,CC(C)C(C=C(C(C)C)C=C1C(C)C)=C1C2=CC=CC=C2P(C(C)(C)C)C(C)(C)C,FC(F)(F)c1ccc(I)cc1,CCOC(=O)c1onc(C)c1,Cc1ccc(Nc2ccc(C(F)(F)F)cc2)cc1,51.75674767,a3,s3,MTBD,tBuXPhos,0,0,1,0,0,0,0,1,0,0,1,0,1,0,0,0,0,1,0,0,0,0,0,0,0,0,0,0,0,0,0,0,0,0,0
317,CN(C)P(N(C)C)(N(C)C)=NP(N(C)C)(N(C)C)=NCC,CC(C)C(C=C(C(C)C)C=C1C(C)C)=C1C2=CC=CC=C2P(C(C)(C)C)C(C)(C)C,FC(F)(F)c1ccc(I)cc1,CCOC(=O)c1cc(C)on1,Cc1ccc(Nc2ccc(C(F)(F)F)cc2)cc1,44.65371267,a4,s3,P2Et,tBuXPhos,0,0,1,0,0,0,0,1,1,0,0,0,1,0,0,0,0,0,1,0,0,0,0,0,0,0,0,0,0,0,0,0,0,0,0
332,CN(C)/C(N(C)C)=N\C(C)(C)C,CC(C)C(C=C(C(C)C)C=C1C(C)C)=C1C2=CC=CC=C2P(C(C)(C)C)C(C)(C)C,FC(F)(F)c1ccc(I)cc1,CCOC(=O)c1cc(C)on1,Cc1ccc(Nc2ccc(C(F)(F)F)cc2)cc1,46.6498955,a4,s3,BTMG,tBuXPhos,0,0,1,0,0,0,0,1,0,1,0,0,1,0,0,0,0,0,1,0,0,0,0,0,0,0,0,0,0,0,0,0,0,0,0
347,CN1CCCN2CCCN=C12,CC(C)C(C=C(C(C)C)C=C1C(C)C)=C1C2=CC=CC=C2P(C(C)(C)C)C(C)(C)C,FC(F)(F)c1ccc(I)cc1,CCOC(=O)c1cc(C)on1,Cc1ccc(Nc2ccc(C(F)(F)F)cc2)cc1,49.58296909,a4,s3,MTBD,tBuXPhos,0,0,1,0,0,0,0,1,0,0,1,0,1,0,0,0,0,0,1,0,0,0,0,0,0,0,0,0,0,0,0,0,0,0,0
362,CN(C)P(N(C)C)(N(C)C)=NP(N(C)C)(N(C)C)=NCC,CC(C)C1=CC(C(C)C)=CC(C(C)C)=C1C2=C(P(C(C)(C)C)C(C)(C)C)C(OC)=CC=C2OC,FC(F)(F)c1ccc(I)cc1,none,Cc1ccc(Nc2ccc(C(F)(F)F)cc2)cc1,41.44106124,a1,s3,P2Et,tBuBrettPhos,0,0,1,0,0,0,0,1,1,0,0,0,0,1,0,1,0,0,0,0,0,0,0,0,0,0,0,0,0,0,0,0,0,0,0
377,CN(C)/C(N(C)C)=N\C(C)(C)C,CC(C)C1=CC(C(C)C)=CC(C(C)C)=C1C2=C(P(C(C)(C)C)C(C)(C)C)C(OC)=CC=C2OC,FC(F)(F)c1ccc(I)cc1,none,Cc1ccc(Nc2ccc(C(F)(F)F)cc2)cc1,48.32439551,a1,s3,BTMG,tBuBrettPhos,0,0,1,0,0,0,0,1,0,1,0,0,0,1,0,1,0,0,0,0,0,0,0,0,0,0,0,0,0,0,0,0,0,0,0
392,CN1CCCN2CCCN=C12,CC(C)C1=CC(C(C)C)=CC(C(C)C)=C1C2=C(P(C(C)(C)C)C(C)(C)C)C(OC)=CC=C2OC,FC(F)(F)c1ccc(I)cc1,none,Cc1ccc(Nc2ccc(C(F)(F)F)cc2)cc1,47.45149232,a1,s3,MTBD,tBuBrettPhos,0,0,1,0,0,0,0,1,0,0,1,0,0,1,0,1,0,0,0,0,0,0,0,0,0,0,0,0,0,0,0,0,0,0,0
407,CN(C)P(N(C)C)(N(C)C)=NP(N(C)C)(N(C)C)=NCC,CC(C)C1=CC(C(C)C)=CC(C(C)C)=C1C2=C(P(C(C)(C)C)C(C)(C)C)C(OC)=CC=C2OC,FC(F)(F)c1ccc(I)cc1,o1nccc1c2ccccc2,Cc1ccc(Nc2ccc(C(F)(F)F)cc2)cc1,9.546870881,a2,s3,P2Et,tBuBrettPhos,0,0,1,0,0,0,0,1,1,0,0,0,0,1,0,0,1,0,0,0,0,0,0,0,0,0,0,0,0,0,0,0,0,0,0
422,CN(C)/C(N(C)C)=N\C(C)(C)C,CC(C)C1=CC(C(C)C)=CC(C(C)C)=C1C2=C(P(C(C)(C)C)C(C)(C)C)C(OC)=CC=C2OC,FC(F)(F)c1ccc(I)cc1,o1nccc1c2ccccc2,Cc1ccc(Nc2ccc(C(F)(F)F)cc2)cc1,44.5879911,a2,s3,BTMG,tBuBrettPhos,0,0,1,0,0,0,0,1,0,1,0,0,0,1,0,0,1,0,0,0,0,0,0,0,0,0,0,0,0,0,0,0,0,0,0
437,CN1CCCN2CCCN=C12,CC(C)C1=CC(C(C)C)=CC(C(C)C)=C1C2=C(P(C(C)(C)C)C(C)(C)C)C(OC)=CC=C2OC,FC(F)(F)c1ccc(I)cc1,o1nccc1c2ccccc2,Cc1ccc(Nc2ccc(C(F)(F)F)cc2)cc1,47.09764929,a2,s3,MTBD,tBuBrettPhos,0,0,1,0,0,0,0,1,0,0,1,0,0,1,0,0,1,0,0,0,0,0,0,0,0,0,0,0,0,0,0,0,0,0,0
452,CN(C)P(N(C)C)(N(C)C)=NP(N(C)C)(N(C)C)=NCC,CC(C)C1=CC(C(C)C)=CC(C(C)C)=C1C2=C(P(C(C)(C)C)C(C)(C)C)C(OC)=CC=C2OC,FC(F)(F)c1ccc(I)cc1,CCOC(=O)c1onc(C)c1,Cc1ccc(Nc2ccc(C(F)(F)F)cc2)cc1,40.1812432,a3,s3,P2Et,tBuBrettPhos,0,0,1,0,0,0,0,1,1,0,0,0,0,1,0,0,0,1,0,0,0,0,0,0,0,0,0,0,0,0,0,0,0,0,0
467,CN(C)/C(N(C)C)=N\C(C)(C)C,CC(C)C1=CC(C(C)C)=CC(C(C)C)=C1C2=C(P(C(C)(C)C)C(C)(C)C)C(OC)=CC=C2OC,FC(F)(F)c1ccc(I)cc1,CCOC(=O)c1onc(C)c1,Cc1ccc(Nc2ccc(C(F)(F)F)cc2)cc1,45.87563784,a3,s3,BTMG,tBuBrettPhos,0,0,1,0,0,0,0,1,0,1,0,0,0,1,0,0,0,1,0,0,0,0,0,0,0,0,0,0,0,0,0,0,0,0,0
482,CN1CCCN2CCCN=C12,CC(C)C1=CC(C(C)C)=CC(C(C)C)=C1C2=C(P(C(C)(C)C)C(C)(C)C)C(OC)=CC=C2OC,FC(F)(F)c1ccc(I)cc1,CCOC(=O)c1onc(C)c1,Cc1ccc(Nc2ccc(C(F)(F)F)cc2)cc1,46.6599306,a3,s3,MTBD,tBuBrettPhos,0,0,1,0,0,0,0,1,0,0,1,0,0,1,0,0,0,1,0,0,0,0,0,0,0,0,0,0,0,0,0,0,0,0,0
497,CN(C)P(N(C)C)(N(C)C)=NP(N(C)C)(N(C)C)=NCC,CC(C)C1=CC(C(C)C)=CC(C(C)C)=C1C2=C(P(C(C)(C)C)C(C)(C)C)C(OC)=CC=C2OC,FC(F)(F)c1ccc(I)cc1,CCOC(=O)c1cc(C)on1,Cc1ccc(Nc2ccc(C(F)(F)F)cc2)cc1,39.91592357,a4,s3,P2Et,tBuBrettPhos,0,0,1,0,0,0,0,1,1,0,0,0,0,1,0,0,0,0,1,0,0,0,0,0,0,0,0,0,0,0,0,0,0,0,0
512,CN(C)/C(N(C)C)=N\C(C)(C)C,CC(C)C1=CC(C(C)C)=CC(C(C)C)=C1C2=C(P(C(C)(C)C)C(C)(C)C)C(OC)=CC=C2OC,FC(F)(F)c1ccc(I)cc1,CCOC(=O)c1cc(C)on1,Cc1ccc(Nc2ccc(C(F)(F)F)cc2)cc1,47.5989822,a4,s3,BTMG,tBuBrettPhos,0,0,1,0,0,0,0,1,0,1,0,0,0,1,0,0,0,0,1,0,0,0,0,0,0,0,0,0,0,0,0,0,0,0,0
527,CN1CCCN2CCCN=C12,CC(C)C1=CC(C(C)C)=CC(C(C)C)=C1C2=C(P(C(C)(C)C)C(C)(C)C)C(OC)=CC=C2OC,FC(F)(F)c1ccc(I)cc1,CCOC(=O)c1cc(C)on1,Cc1ccc(Nc2ccc(C(F)(F)F)cc2)cc1,46.76206263,a4,s3,MTBD,tBuBrettPhos,0,0,1,0,0,0,0,1,0,0,1,0,0,1,0,0,0,0,1,0,0,0,0,0,0,0,0,0,0,0,0,0,0,0,0
542,CN(C)P(N(C)C)(N(C)C)=NP(N(C)C)(N(C)C)=NCC,CC(C1=C(C2=C(OC)C=CC(OC)=C2P(C34CC5CC(C4)CC(C5)C3)C67CC8CC(C7)CC(C8)C6)C(C(C)C)=CC(C(C)C)=C1)C,FC(F)(F)c1ccc(I)cc1,none,Cc1ccc(Nc2ccc(C(F)(F)F)cc2)cc1,41.3324865,a1,s3,P2Et,AdBrettPhos,0,0,1,0,0,0,0,1,1,0,0,0,0,0,1,1,0,0,0,0,0,0,0,0,0,0,0,0,0,0,0,0,0,0,0
557,CN(C)/C(N(C)C)=N\C(C)(C)C,CC(C1=C(C2=C(OC)C=CC(OC)=C2P(C34CC5CC(C4)CC(C5)C3)C67CC8CC(C7)CC(C8)C6)C(C(C)C)=CC(C(C)C)=C1)C,FC(F)(F)c1ccc(I)cc1,none,Cc1ccc(Nc2ccc(C(F)(F)F)cc2)cc1,45.96047749,a1,s3,BTMG,AdBrettPhos,0,0,1,0,0,0,0,1,0,1,0,0,0,0,1,1,0,0,0,0,0,0,0,0,0,0,0,0,0,0,0,0,0,0,0
572,CN1CCCN2CCCN=C12,CC(C1=C(C2=C(OC)C=CC(OC)=C2P(C34CC5CC(C4)CC(C5)C3)C67CC8CC(C7)CC(C8)C6)C(C(C)C)=CC(C(C)C)=C1)C,FC(F)(F)c1ccc(I)cc1,none,Cc1ccc(Nc2ccc(C(F)(F)F)cc2)cc1,53.92524684,a1,s3,MTBD,AdBrettPhos,0,0,1,0,0,0,0,1,0,0,1,0,0,0,1,1,0,0,0,0,0,0,0,0,0,0,0,0,0,0,0,0,0,0,0
587,CN(C)P(N(C)C)(N(C)C)=NP(N(C)C)(N(C)C)=NCC,CC(C1=C(C2=C(OC)C=CC(OC)=C2P(C34CC5CC(C4)CC(C5)C3)C67CC8CC(C7)CC(C8)C6)C(C(C)C)=CC(C(C)C)=C1)C,FC(F)(F)c1ccc(I)cc1,o1nccc1c2ccccc2,Cc1ccc(Nc2ccc(C(F)(F)F)cc2)cc1,9.935132826,a2,s3,P2Et,AdBrettPhos,0,0,1,0,0,0,0,1,1,0,0,0,0,0,1,0,1,0,0,0,0,0,0,0,0,0,0,0,0,0,0,0,0,0,0
602,CN(C)/C(N(C)C)=N\C(C)(C)C,CC(C1=C(C2=C(OC)C=CC(OC)=C2P(C34CC5CC(C4)CC(C5)C3)C67CC8CC(C7)CC(C8)C6)C(C(C)C)=CC(C(C)C)=C1)C,FC(F)(F)c1ccc(I)cc1,o1nccc1c2ccccc2,Cc1ccc(Nc2ccc(C(F)(F)F)cc2)cc1,39.74593472,a2,s3,BTMG,AdBrettPhos,0,0,1,0,0,0,0,1,0,1,0,0,0,0,1,0,1,0,0,0,0,0,0,0,0,0,0,0,0,0,0,0,0,0,0
617,CN1CCCN2CCCN=C12,CC(C1=C(C2=C(OC)C=CC(OC)=C2P(C34CC5CC(C4)CC(C5)C3)C67CC8CC(C7)CC(C8)C6)C(C(C)C)=CC(C(C)C)=C1)C,FC(F)(F)c1ccc(I)cc1,o1nccc1c2ccccc2,Cc1ccc(Nc2ccc(C(F)(F)F)cc2)cc1,52.58811564,a2,s3,MTBD,AdBrettPhos,0,0,1,0,0,0,0,1,0,0,1,0,0,0,1,0,1,0,0,0,0,0,0,0,0,0,0,0,0,0,0,0,0,0,0
632,CN(C)P(N(C)C)(N(C)C)=NP(N(C)C)(N(C)C)=NCC,CC(C1=C(C2=C(OC)C=CC(OC)=C2P(C34CC5CC(C4)CC(C5)C3)C67CC8CC(C7)CC(C8)C6)C(C(C)C)=CC(C(C)C)=C1)C,FC(F)(F)c1ccc(I)cc1,CCOC(=O)c1onc(C)c1,Cc1ccc(Nc2ccc(C(F)(F)F)cc2)cc1,44.56045142,a3,s3,P2Et,AdBrettPhos,0,0,1,0,0,0,0,1,1,0,0,0,0,0,1,0,0,1,0,0,0,0,0,0,0,0,0,0,0,0,0,0,0,0,0
647,CN(C)/C(N(C)C)=N\C(C)(C)C,CC(C1=C(C2=C(OC)C=CC(OC)=C2P(C34CC5CC(C4)CC(C5)C3)C67CC8CC(C7)CC(C8)C6)C(C(C)C)=CC(C(C)C)=C1)C,FC(F)(F)c1ccc(I)cc1,CCOC(=O)c1onc(C)c1,Cc1ccc(Nc2ccc(C(F)(F)F)cc2)cc1,44.44197306,a3,s3,BTMG,AdBrettPhos,0,0,1,0,0,0,0,1,0,1,0,0,0,0,1,0,0,1,0,0,0,0,0,0,0,0,0,0,0,0,0,0,0,0,0
662,CN1CCCN2CCCN=C12,CC(C1=C(C2=C(OC)C=CC(OC)=C2P(C34CC5CC(C4)CC(C5)C3)C67CC8CC(C7)CC(C8)C6)C(C(C)C)=CC(C(C)C)=C1)C,FC(F)(F)c1ccc(I)cc1,CCOC(=O)c1onc(C)c1,Cc1ccc(Nc2ccc(C(F)(F)F)cc2)cc1,52.67302388,a3,s3,MTBD,AdBrettPhos,0,0,1,0,0,0,0,1,0,0,1,0,0,0,1,0,0,1,0,0,0,0,0,0,0,0,0,0,0,0,0,0,0,0,0
677,CN(C)P(N(C)C)(N(C)C)=NP(N(C)C)(N(C)C)=NCC,CC(C1=C(C2=C(OC)C=CC(OC)=C2P(C34CC5CC(C4)CC(C5)C3)C67CC8CC(C7)CC(C8)C6)C(C(C)C)=CC(C(C)C)=C1)C,FC(F)(F)c1ccc(I)cc1,CCOC(=O)c1cc(C)on1,Cc1ccc(Nc2ccc(C(F)(F)F)cc2)cc1,39.80414391,a4,s3,P2Et,AdBrettPhos,0,0,1,0,0,0,0,1,1,0,0,0,0,0,1,0,0,0,1,0,0,0,0,0,0,0,0,0,0,0,0,0,0,0,0
692,CN(C)/C(N(C)C)=N\C(C)(C)C,CC(C1=C(C2=C(OC)C=CC(OC)=C2P(C34CC5CC(C4)CC(C5)C3)C67CC8CC(C7)CC(C8)C6)C(C(C)C)=CC(C(C)C)=C1)C,FC(F)(F)c1ccc(I)cc1,CCOC(=O)c1cc(C)on1,Cc1ccc(Nc2ccc(C(F)(F)F)cc2)cc1,43.87448476,a4,s3,BTMG,AdBrettPhos,0,0,1,0,0,0,0,1,0,1,0,0,0,0,1,0,0,0,1,0,0,0,0,0,0,0,0,0,0,0,0,0,0,0,0
707,CN1CCCN2CCCN=C12,CC(C1=C(C2=C(OC)C=CC(OC)=C2P(C34CC5CC(C4)CC(C5)C3)C67CC8CC(C7)CC(C8)C6)C(C(C)C)=CC(C(C)C)=C1)C,FC(F)(F)c1ccc(I)cc1,CCOC(=O)c1cc(C)on1,Cc1ccc(Nc2ccc(C(F)(F)F)cc2)cc1,48.86581696,a4,s3,MTBD,AdBrettPhos,0,0,1,0,0,0,0,1,0,0,1,0,0,0,1,0,0,0,1,0,0,0,0,0,0,0,0,0,0,0,0,0,0,0,0
722,CN(C)P(N(C)C)(N(C)C)=NP(N(C)C)(N(C)C)=NCC,CC(C)C1=CC(C(C)C)=CC(C(C)C)=C1C2=C(P(C3CCCCC3)C4CCCCC4)C=CC=C2,FC(F)(F)c1ccc(I)cc1,Cc1oncc1,Cc1ccc(Nc2ccc(C(F)(F)F)cc2)cc1,16.16257939,a5,s3,P2Et,XPhos,0,0,1,0,0,0,0,1,1,0,0,1,0,0,0,0,0,0,0,1,0,0,0,0,0,0,0,0,0,0,0,0,0,0,0
737,CN(C)/C(N(C)C)=N\C(C)(C)C,CC(C)C1=CC(C(C)C)=CC(C(C)C)=C1C2=C(P(C3CCCCC3)C4CCCCC4)C=CC=C2,FC(F)(F)c1ccc(I)cc1,Cc1oncc1,Cc1ccc(Nc2ccc(C(F)(F)F)cc2)cc1,34.38141407,a5,s3,BTMG,XPhos,0,0,1,0,0,0,0,1,0,1,0,1,0,0,0,0,0,0,0,1,0,0,0,0,0,0,0,0,0,0,0,0,0,0,0
752,CN1CCCN2CCCN=C12,CC(C)C1=CC(C(C)C)=CC(C(C)C)=C1C2=C(P(C3CCCCC3)C4CCCCC4)C=CC=C2,FC(F)(F)c1ccc(I)cc1,Cc1oncc1,Cc1ccc(Nc2ccc(C(F)(F)F)cc2)cc1,35.26155109,a5,s3,MTBD,XPhos,0,0,1,0,0,0,0,1,0,0,1,1,0,0,0,0,0,0,0,1,0,0,0,0,0,0,0,0,0,0,0,0,0,0,0
767,CN(C)P(N(C)C)(N(C)C)=NP(N(C)C)(N(C)C)=NCC,CC(C)C1=CC(C(C)C)=CC(C(C)C)=C1C2=C(P(C3CCCCC3)C4CCCCC4)C=CC=C2,FC(F)(F)c1ccc(I)cc1,o1cc2ccccc2n1,Cc1ccc(Nc2ccc(C(F)(F)F)cc2)cc1,9.109122278,a6,s3,P2Et,XPhos,0,0,1,0,0,0,0,1,1,0,0,1,0,0,0,0,0,0,0,0,1,0,0,0,0,0,0,0,0,0,0,0,0,0,0
782,CN(C)/C(N(C)C)=N\C(C)(C)C,CC(C)C1=CC(C(C)C)=CC(C(C)C)=C1C2=C(P(C3CCCCC3)C4CCCCC4)C=CC=C2,FC(F)(F)c1ccc(I)cc1,o1cc2ccccc2n1,Cc1ccc(Nc2ccc(C(F)(F)F)cc2)cc1,23.70536277,a6,s3,BTMG,XPhos,0,0,1,0,0,0,0,1,0,1,0,1,0,0,0,0,0,0,0,0,1,0,0,0,0,0,0,0,0,0,0,0,0,0,0
797,CN1CCCN2CCCN=C12,CC(C)C1=CC(C(C)C)=CC(C(C)C)=C1C2=C(P(C3CCCCC3)C4CCCCC4)C=CC=C2,FC(F)(F)c1ccc(I)cc1,o1cc2ccccc2n1,Cc1ccc(Nc2ccc(C(F)(F)F)cc2)cc1,14.24693951,a6,s3,MTBD,XPhos,0,0,1,0,0,0,0,1,0,0,1,1,0,0,0,0,0,0,0,0,1,0,0,0,0,0,0,0,0,0,0,0,0,0,0
812,CN(C)P(N(C)C)(N(C)C)=NP(N(C)C)(N(C)C)=NCC,CC(C)C1=CC(C(C)C)=CC(C(C)C)=C1C2=C(P(C3CCCCC3)C4CCCCC4)C=CC=C2,FC(F)(F)c1ccc(I)cc1,Cc1onc(C)c1,Cc1ccc(Nc2ccc(C(F)(F)F)cc2)cc1,37.38354754,a7,s3,P2Et,XPhos,0,0,1,0,0,0,0,1,1,0,0,1,0,0,0,0,0,0,0,0,0,1,0,0,0,0,0,0,0,0,0,0,0,0,0
827,CN(C)/C(N(C)C)=N\C(C)(C)C,CC(C)C1=CC(C(C)C)=CC(C(C)C)=C1C2=C(P(C3CCCCC3)C4CCCCC4)C=CC=C2,FC(F)(F)c1ccc(I)cc1,Cc1onc(C)c1,Cc1ccc(Nc2ccc(C(F)(F)F)cc2)cc1,31.86956379,a7,s3,BTMG,XPhos,0,0,1,0,0,0,0,1,0,1,0,1,0,0,0,0,0,0,0,0,0,1,0,0,0,0,0,0,0,0,0,0,0,0,0
842,CN1CCCN2CCCN=C12,CC(C)C1=CC(C(C)C)=CC(C(C)C)=C1C2=C(P(C3CCCCC3)C4CCCCC4)C=CC=C2,FC(F)(F)c1ccc(I)cc1,Cc1onc(C)c1,Cc1ccc(Nc2ccc(C(F)(F)F)cc2)cc1,42.53147932,a7,s3,MTBD,XPhos,0,0,1,0,0,0,0,1,0,0,1,1,0,0,0,0,0,0,0,0,0,1,0,0,0,0,0,0,0,0,0,0,0,0,0
857,CN(C)P(N(C)C)(N(C)C)=NP(N(C)C)(N(C)C)=NCC,CC(C)C1=CC(C(C)C)=CC(C(C)C)=C1C2=C(P(C3CCCCC3)C4CCCCC4)C=CC=C2,FC(F)(F)c1ccc(I)cc1,COC(=O)c1oncc1,Cc1ccc(Nc2ccc(C(F)(F)F)cc2)cc1,8.674987339,a8,s3,P2Et,XPhos,0,0,1,0,0,0,0,1,1,0,0,1,0,0,0,0,0,0,0,0,0,0,1,0,0,0,0,0,0,0,0,0,0,0,0
872,CN(C)/C(N(C)C)=N\C(C)(C)C,CC(C)C1=CC(C(C)C)=CC(C(C)C)=C1C2=C(P(C3CCCCC3)C4CCCCC4)C=CC=C2,FC(F)(F)c1ccc(I)cc1,COC(=O)c1oncc1,Cc1ccc(Nc2ccc(C(F)(F)F)cc2)cc1,26.35991815,a8,s3,BTMG,XPhos,0,0,1,0,0,0,0,1,0,1,0,1,0,0,0,0,0,0,0,0,0,0,1,0,0,0,0,0,0,0,0,0,0,0,0
887,CN1CCCN2CCCN=C12,CC(C)C1=CC(C(C)C)=CC(C(C)C)=C1C2=C(P(C3CCCCC3)C4CCCCC4)C=CC=C2,FC(F)(F)c1ccc(I)cc1,COC(=O)c1oncc1,Cc1ccc(Nc2ccc(C(F)(F)F)cc2)cc1,18.90594075,a8,s3,MTBD,XPhos,0,0,1,0,0,0,0,1,0,0,1,1,0,0,0,0,0,0,0,0,0,0,1,0,0,0,0,0,0,0,0,0,0,0,0
902,CN(C)P(N(C)C)(N(C)C)=NP(N(C)C)(N(C)C)=NCC,CC(C)C(C=C(C(C)C)C=C1C(C)C)=C1C2=CC=CC=C2P(C(C)(C)C)C(C)(C)C,FC(F)(F)c1ccc(I)cc1,Cc1oncc1,Cc1ccc(Nc2ccc(C(F)(F)F)cc2)cc1,11.85429164,a5,s3,P2Et,tBuXPhos,0,0,1,0,0,0,0,1,1,0,0,0,1,0,0,0,0,0,0,1,0,0,0,0,0,0,0,0,0,0,0,0,0,0,0
917,CN(C)/C(N(C)C)=N\C(C)(C)C,CC(C)C(C=C(C(C)C)C=C1C(C)C)=C1C2=CC=CC=C2P(C(C)(C)C)C(C)(C)C,FC(F)(F)c1ccc(I)cc1,Cc1oncc1,Cc1ccc(Nc2ccc(C(F)(F)F)cc2)cc1,36.38251036,a5,s3,BTMG,tBuXPhos,0,0,1,0,0,0,0,1,0,1,0,0,1,0,0,0,0,0,0,1,0,0,0,0,0,0,0,0,0,0,0,0,0,0,0
932,CN1CCCN2CCCN=C12,CC(C)C(C=C(C(C)C)C=C1C(C)C)=C1C2=CC=CC=C2P(C(C)(C)C)C(C)(C)C,FC(F)(F)c1ccc(I)cc1,Cc1oncc1,Cc1ccc(Nc2ccc(C(F)(F)F)cc2)cc1,46.36906778,a5,s3,MTBD,tBuXPhos,0,0,1,0,0,0,0,1,0,0,1,0,1,0,0,0,0,0,0,1,0,0,0,0,0,0,0,0,0,0,0,0,0,0,0
947,CN(C)P(N(C)C)(N(C)C)=NP(N(C)C)(N(C)C)=NCC,CC(C)C(C=C(C(C)C)C=C1C(C)C)=C1C2=CC=CC=C2P(C(C)(C)C)C(C)(C)C,FC(F)(F)c1ccc(I)cc1,o1cc2ccccc2n1,Cc1ccc(Nc2ccc(C(F)(F)F)cc2)cc1,10.49048013,a6,s3,P2Et,tBuXPhos,0,0,1,0,0,0,0,1,1,0,0,0,1,0,0,0,0,0,0,0,1,0,0,0,0,0,0,0,0,0,0,0,0,0,0
962,CN(C)/C(N(C)C)=N\C(C)(C)C,CC(C)C(C=C(C(C)C)C=C1C(C)C)=C1C2=CC=CC=C2P(C(C)(C)C)C(C)(C)C,FC(F)(F)c1ccc(I)cc1,o1cc2ccccc2n1,Cc1ccc(Nc2ccc(C(F)(F)F)cc2)cc1,9.518190042,a6,s3,BTMG,tBuXPhos,0,0,1,0,0,0,0,1,0,1,0,0,1,0,0,0,0,0,0,0,1,0,0,0,0,0,0,0,0,0,0,0,0,0,0
977,CN1CCCN2CCCN=C12,CC(C)C(C=C(C(C)C)C=C1C(C)C)=C1C2=CC=CC=C2P(C(C)(C)C)C(C)(C)C,FC(F)(F)c1ccc(I)cc1,o1cc2ccccc2n1,Cc1ccc(Nc2ccc(C(F)(F)F)cc2)cc1,33.82793233,a6,s3,MTBD,tBuXPhos,0,0,1,0,0,0,0,1,0,0,1,0,1,0,0,0,0,0,0,0,1,0,0,0,0,0,0,0,0,0,0,0,0,0,0
992,CN(C)P(N(C)C)(N(C)C)=NP(N(C)C)(N(C)C)=NCC,CC(C)C(C=C(C(C)C)C=C1C(C)C)=C1C2=CC=CC=C2P(C(C)(C)C)C(C)(C)C,FC(F)(F)c1ccc(I)cc1,Cc1onc(C)c1,Cc1ccc(Nc2ccc(C(F)(F)F)cc2)cc1,39.51659226,a7,s3,P2Et,tBuXPhos,0,0,1,0,0,0,0,1,1,0,0,0,1,0,0,0,0,0,0,0,0,1,0,0,0,0,0,0,0,0,0,0,0,0,0
1007,CN(C)/C(N(C)C)=N\C(C)(C)C,CC(C)C(C=C(C(C)C)C=C1C(C)C)=C1C2=CC=CC=C2P(C(C)(C)C)C(C)(C)C,FC(F)(F)c1ccc(I)cc1,Cc1onc(C)c1,Cc1ccc(Nc2ccc(C(F)(F)F)cc2)cc1,37.39782282,a7,s3,BTMG,tBuXPhos,0,0,1,0,0,0,0,1,0,1,0,0,1,0,0,0,0,0,0,0,0,1,0,0,0,0,0,0,0,0,0,0,0,0,0
1022,CN1CCCN2CCCN=C12,CC(C)C(C=C(C(C)C)C=C1C(C)C)=C1C2=CC=CC=C2P(C(C)(C)C)C(C)(C)C,FC(F)(F)c1ccc(I)cc1,Cc1onc(C)c1,Cc1ccc(Nc2ccc(C(F)(F)F)cc2)cc1,45.90687609,a7,s3,MTBD,tBuXPhos,0,0,1,0,0,0,0,1,0,0,1,0,1,0,0,0,0,0,0,0,0,1,0,0,0,0,0,0,0,0,0,0,0,0,0
1037,CN(C)P(N(C)C)(N(C)C)=NP(N(C)C)(N(C)C)=NCC,CC(C)C(C=C(C(C)C)C=C1C(C)C)=C1C2=CC=CC=C2P(C(C)(C)C)C(C)(C)C,FC(F)(F)c1ccc(I)cc1,COC(=O)c1oncc1,Cc1ccc(Nc2ccc(C(F)(F)F)cc2)cc1,11.81277895,a8,s3,P2Et,tBuXPhos,0,0,1,0,0,0,0,1,1,0,0,0,1,0,0,0,0,0,0,0,0,0,1,0,0,0,0,0,0,0,0,0,0,0,0
1052,CN(C)/C(N(C)C)=N\C(C)(C)C,CC(C)C(C=C(C(C)C)C=C1C(C)C)=C1C2=CC=CC=C2P(C(C)(C)C)C(C)(C)C,FC(F)(F)c1ccc(I)cc1,COC(=O)c1oncc1,Cc1ccc(Nc2ccc(C(F)(F)F)cc2)cc1,30.11809644,a8,s3,BTMG,tBuXPhos,0,0,1,0,0,0,0,1,0,1,0,0,1,0,0,0,0,0,0,0,0,0,1,0,0,0,0,0,0,0,0,0,0,0,0
1067,CN1CCCN2CCCN=C12,CC(C)C(C=C(C(C)C)C=C1C(C)C)=C1C2=CC=CC=C2P(C(C)(C)C)C(C)(C)C,FC(F)(F)c1ccc(I)cc1,COC(=O)c1oncc1,Cc1ccc(Nc2ccc(C(F)(F)F)cc2)cc1,44.03901684,a8,s3,MTBD,tBuXPhos,0,0,1,0,0,0,0,1,0,0,1,0,1,0,0,0,0,0,0,0,0,0,1,0,0,0,0,0,0,0,0,0,0,0,0
1082,CN(C)P(N(C)C)(N(C)C)=NP(N(C)C)(N(C)C)=NCC,CC(C)C1=CC(C(C)C)=CC(C(C)C)=C1C2=C(P(C(C)(C)C)C(C)(C)C)C(OC)=CC=C2OC,FC(F)(F)c1ccc(I)cc1,Cc1oncc1,Cc1ccc(Nc2ccc(C(F)(F)F)cc2)cc1,2.106143629,a5,s3,P2Et,tBuBrettPhos,0,0,1,0,0,0,0,1,1,0,0,0,0,1,0,0,0,0,0,1,0,0,0,0,0,0,0,0,0,0,0,0,0,0,0
1097,CN(C)/C(N(C)C)=N\C(C)(C)C,CC(C)C1=CC(C(C)C)=CC(C(C)C)=C1C2=C(P(C(C)(C)C)C(C)(C)C)C(OC)=CC=C2OC,FC(F)(F)c1ccc(I)cc1,Cc1oncc1,Cc1ccc(Nc2ccc(C(F)(F)F)cc2)cc1,35.59381518,a5,s3,BTMG,tBuBrettPhos,0,0,1,0,0,0,0,1,0,1,0,0,0,1,0,0,0,0,0,1,0,0,0,0,0,0,0,0,0,0,0,0,0,0,0
1112,CN1CCCN2CCCN=C12,CC(C)C1=CC(C(C)C)=CC(C(C)C)=C1C2=C(P(C(C)(C)C)C(C)(C)C)C(OC)=CC=C2OC,FC(F)(F)c1ccc(I)cc1,Cc1oncc1,Cc1ccc(Nc2ccc(C(F)(F)F)cc2)cc1,43.56818344,a5,s3,MTBD,tBuBrettPhos,0,0,1,0,0,0,0,1,0,0,1,0,0,1,0,0,0,0,0,1,0,0,0,0,0,0,0,0,0,0,0,0,0,0,0
1127,CN(C)P(N(C)C)(N(C)C)=NP(N(C)C)(N(C)C)=NCC,CC(C)C1=CC(C(C)C)=CC(C(C)C)=C1C2=C(P(C(C)(C)C)C(C)(C)C)C(OC)=CC=C2OC,FC(F)(F)c1ccc(I)cc1,o1cc2ccccc2n1,Cc1ccc(Nc2ccc(C(F)(F)F)cc2)cc1,12.51034862,a6,s3,P2Et,tBuBrettPhos,0,0,1,0,0,0,0,1,1,0,0,0,0,1,0,0,0,0,0,0,1,0,0,0,0,0,0,0,0,0,0,0,0,0,0
1142,CN(C)/C(N(C)C)=N\C(C)(C)C,CC(C)C1=CC(C(C)C)=CC(C(C)C)=C1C2=C(P(C(C)(C)C)C(C)(C)C)C(OC)=CC=C2OC,FC(F)(F)c1ccc(I)cc1,o1cc2ccccc2n1,Cc1ccc(Nc2ccc(C(F)(F)F)cc2)cc1,11.98186799,a6,s3,BTMG,tBuBrettPhos,0,0,1,0,0,0,0,1,0,1,0,0,0,1,0,0,0,0,0,0,1,0,0,0,0,0,0,0,0,0,0,0,0,0,0
1157,CN1CCCN2CCCN=C12,CC(C)C1=CC(C(C)C)=CC(C(C)C)=C1C2=C(P(C(C)(C)C)C(C)(C)C)C(OC)=CC=C2OC,FC(F)(F)c1ccc(I)cc1,o1cc2ccccc2n1,Cc1ccc(Nc2ccc(C(F)(F)F)cc2)cc1,32.14841463,a6,s3,MTBD,tBuBrettPhos,0,0,1,0,0,0,0,1,0,0,1,0,0,1,0,0,0,0,0,0,1,0,0,0,0,0,0,0,0,0,0,0,0,0,0
1172,CN(C)P(N(C)C)(N(C)C)=NP(N(C)C)(N(C)C)=NCC,CC(C)C1=CC(C(C)C)=CC(C(C)C)=C1C2=C(P(C(C)(C)C)C(C)(C)C)C(OC)=CC=C2OC,FC(F)(F)c1ccc(I)cc1,Cc1onc(C)c1,Cc1ccc(Nc2ccc(C(F)(F)F)cc2)cc1,39.13544884,a7,s3,P2Et,tBuBrettPhos,0,0,1,0,0,0,0,1,1,0,0,0,0,1,0,0,0,0,0,0,0,1,0,0,0,0,0,0,0,0,0,0,0,0,0
1187,CN(C)/C(N(C)C)=N\C(C)(C)C,CC(C)C1=CC(C(C)C)=CC(C(C)C)=C1C2=C(P(C(C)(C)C)C(C)(C)C)C(OC)=CC=C2OC,FC(F)(F)c1ccc(I)cc1,Cc1onc(C)c1,Cc1ccc(Nc2ccc(C(F)(F)F)cc2)cc1,36.38014621,a7,s3,BTMG,tBuBrettPhos,0,0,1,0,0,0,0,1,0,1,0,0,0,1,0,0,0,0,0,0,0,1,0,0,0,0,0,0,0,0,0,0,0,0,0
1202,CN1CCCN2CCCN=C12,CC(C)C1=CC(C(C)C)=CC(C(C)C)=C1C2=C(P(C(C)(C)C)C(C)(C)C)C(OC)=CC=C2OC,FC(F)(F)c1ccc(I)cc1,Cc1onc(C)c1,Cc1ccc(Nc2ccc(C(F)(F)F)cc2)cc1,45.52244321,a7,s3,MTBD,tBuBrettPhos,0,0,1,0,0,0,0,1,0,0,1,0,0,1,0,0,0,0,0,0,0,1,0,0,0,0,0,0,0,0,0,0,0,0,0
1217,CN(C)P(N(C)C)(N(C)C)=NP(N(C)C)(N(C)C)=NCC,CC(C)C1=CC(C(C)C)=CC(C(C)C)=C1C2=C(P(C(C)(C)C)C(C)(C)C)C(OC)=CC=C2OC,FC(F)(F)c1ccc(I)cc1,COC(=O)c1oncc1,Cc1ccc(Nc2ccc(C(F)(F)F)cc2)cc1,10.75855339,a8,s3,P2Et,tBuBrettPhos,0,0,1,0,0,0,0,1,1,0,0,0,0,1,0,0,0,0,0,0,0,0,1,0,0,0,0,0,0,0,0,0,0,0,0
1232,CN(C)/C(N(C)C)=N\C(C)(C)C,CC(C)C1=CC(C(C)C)=CC(C(C)C)=C1C2=C(P(C(C)(C)C)C(C)(C)C)C(OC)=CC=C2OC,FC(F)(F)c1ccc(I)cc1,COC(=O)c1oncc1,Cc1ccc(Nc2ccc(C(F)(F)F)cc2)cc1,28.77460219,a8,s3,BTMG,tBuBrettPhos,0,0,1,0,0,0,0,1,0,1,0,0,0,1,0,0,0,0,0,0,0,0,1,0,0,0,0,0,0,0,0,0,0,0,0
1247,CN1CCCN2CCCN=C12,CC(C)C1=CC(C(C)C)=CC(C(C)C)=C1C2=C(P(C(C)(C)C)C(C)(C)C)C(OC)=CC=C2OC,FC(F)(F)c1ccc(I)cc1,COC(=O)c1oncc1,Cc1ccc(Nc2ccc(C(F)(F)F)cc2)cc1,47.05511825,a8,s3,MTBD,tBuBrettPhos,0,0,1,0,0,0,0,1,0,0,1,0,0,1,0,0,0,0,0,0,0,0,1,0,0,0,0,0,0,0,0,0,0,0,0
1262,CN(C)P(N(C)C)(N(C)C)=NP(N(C)C)(N(C)C)=NCC,CC(C1=C(C2=C(OC)C=CC(OC)=C2P(C34CC5CC(C4)CC(C5)C3)C67CC8CC(C7)CC(C8)C6)C(C(C)C)=CC(C(C)C)=C1)C,FC(F)(F)c1ccc(I)cc1,Cc1oncc1,Cc1ccc(Nc2ccc(C(F)(F)F)cc2)cc1,3.446957245,a5,s3,P2Et,AdBrettPhos,0,0,1,0,0,0,0,1,1,0,0,0,0,0,1,0,0,0,0,1,0,0,0,0,0,0,0,0,0,0,0,0,0,0,0
1277,CN(C)/C(N(C)C)=N\C(C)(C)C,CC(C1=C(C2=C(OC)C=CC(OC)=C2P(C34CC5CC(C4)CC(C5)C3)C67CC8CC(C7)CC(C8)C6)C(C(C)C)=CC(C(C)C)=C1)C,FC(F)(F)c1ccc(I)cc1,Cc1oncc1,Cc1ccc(Nc2ccc(C(F)(F)F)cc2)cc1,37.04718214,a5,s3,BTMG,AdBrettPhos,0,0,1,0,0,0,0,1,0,1,0,0,0,0,1,0,0,0,0,1,0,0,0,0,0,0,0,0,0,0,0,0,0,0,0
1292,CN1CCCN2CCCN=C12,CC(C1=C(C2=C(OC)C=CC(OC)=C2P(C34CC5CC(C4)CC(C5)C3)C67CC8CC(C7)CC(C8)C6)C(C(C)C)=CC(C(C)C)=C1)C,FC(F)(F)c1ccc(I)cc1,Cc1oncc1,Cc1ccc(Nc2ccc(C(F)(F)F)cc2)cc1,47.11942721,a5,s3,MTBD,AdBrettPhos,0,0,1,0,0,0,0,1,0,0,1,0,0,0,1,0,0,0,0,1,0,0,0,0,0,0,0,0,0,0,0,0,0,0,0
1307,CN(C)P(N(C)C)(N(C)C)=NP(N(C)C)(N(C)C)=NCC,CC(C1=C(C2=C(OC)C=CC(OC)=C2P(C34CC5CC(C4)CC(C5)C3)C67CC8CC(C7)CC(C8)C6)C(C(C)C)=CC(C(C)C)=C1)C,FC(F)(F)c1ccc(I)cc1,o1cc2ccccc2n1,Cc1ccc(Nc2ccc(C(F)(F)F)cc2)cc1,3.280980517,a6,s3,P2Et,AdBrettPhos,0,0,1,0,0,0,0,1,1,0,0,0,0,0,1,0,0,0,0,0,1,0,0,0,0,0,0,0,0,0,0,0,0,0,0
1322,CN(C)/C(N(C)C)=N\C(C)(C)C,CC(C1=C(C2=C(OC)C=CC(OC)=C2P(C34CC5CC(C4)CC(C5)C3)C67CC8CC(C7)CC(C8)C6)C(C(C)C)=CC(C(C)C)=C1)C,FC(F)(F)c1ccc(I)cc1,o1cc2ccccc2n1,Cc1ccc(Nc2ccc(C(F)(F)F)cc2)cc1,8.104754995,a6,s3,BTMG,AdBrettPhos,0,0,1,0,0,0,0,1,0,1,0,0,0,0,1,0,0,0,0,0,1,0,0,0,0,0,0,0,0,0,0,0,0,0,0
1337,CN1CCCN2CCCN=C12,CC(C1=C(C2=C(OC)C=CC(OC)=C2P(C34CC5CC(C4)CC(C5)C3)C67CC8CC(C7)CC(C8)C6)C(C(C)C)=CC(C(C)C)=C1)C,FC(F)(F)c1ccc(I)cc1,o1cc2ccccc2n1,Cc1ccc(Nc2ccc(C(F)(F)F)cc2)cc1,39.56647024,a6,s3,MTBD,AdBrettPhos,0,0,1,0,0,0,0,1,0,0,1,0,0,0,1,0,0,0,0,0,1,0,0,0,0,0,0,0,0,0,0,0,0,0,0
1352,CN(C)P(N(C)C)(N(C)C)=NP(N(C)C)(N(C)C)=NCC,CC(C1=C(C2=C(OC)C=CC(OC)=C2P(C34CC5CC(C4)CC(C5)C3)C67CC8CC(C7)CC(C8)C6)C(C(C)C)=CC(C(C)C)=C1)C,FC(F)(F)c1ccc(I)cc1,Cc1onc(C)c1,Cc1ccc(Nc2ccc(C(F)(F)F)cc2)cc1,31.74709006,a7,s3,P2Et,AdBrettPhos,0,0,1,0,0,0,0,1,1,0,0,0,0,0,1,0,0,0,0,0,0,1,0,0,0,0,0,0,0,0,0,0,0,0,0
1367,CN(C)/C(N(C)C)=N\C(C)(C)C,CC(C1=C(C2=C(OC)C=CC(OC)=C2P(C34CC5CC(C4)CC(C5)C3)C67CC8CC(C7)CC(C8)C6)C(C(C)C)=CC(C(C)C)=C1)C,FC(F)(F)c1ccc(I)cc1,Cc1onc(C)c1,Cc1ccc(Nc2ccc(C(F)(F)F)cc2)cc1,34.84480888,a7,s3,BTMG,AdBrettPhos,0,0,1,0,0,0,0,1,0,1,0,0,0,0,1,0,0,0,0,0,0,1,0,0,0,0,0,0,0,0,0,0,0,0,0
1382,CN1CCCN2CCCN=C12,CC(C1=C(C2=C(OC)C=CC(OC)=C2P(C34CC5CC(C4)CC(C5)C3)C67CC8CC(C7)CC(C8)C6)C(C(C)C)=CC(C(C)C)=C1)C,FC(F)(F)c1ccc(I)cc1,Cc1onc(C)c1,Cc1ccc(Nc2ccc(C(F)(F)F)cc2)cc1,47.09445645,a7,s3,MTBD,AdBrettPhos,0,0,1,0,0,0,0,1,0,0,1,0,0,0,1,0,0,0,0,0,0,1,0,0,0,0,0,0,0,0,0,0,0,0,0
1397,CN(C)P(N(C)C)(N(C)C)=NP(N(C)C)(N(C)C)=NCC,CC(C1=C(C2=C(OC)C=CC(OC)=C2P(C34CC5CC(C4)CC(C5)C3)C67CC8CC(C7)CC(C8)C6)C(C(C)C)=CC(C(C)C)=C1)C,FC(F)(F)c1ccc(I)cc1,COC(=O)c1oncc1,Cc1ccc(Nc2ccc(C(F)(F)F)cc2)cc1,5.419599738,a8,s3,P2Et,AdBrettPhos,0,0,1,0,0,0,0,1,1,0,0,0,0,0,1,0,0,0,0,0,0,0,1,0,0,0,0,0,0,0,0,0,0,0,0
1412,CN(C)/C(N(C)C)=N\C(C)(C)C,CC(C1=C(C2=C(OC)C=CC(OC)=C2P(C34CC5CC(C4)CC(C5)C3)C67CC8CC(C7)CC(C8)C6)C(C(C)C)=CC(C(C)C)=C1)C,FC(F)(F)c1ccc(I)cc1,COC(=O)c1oncc1,Cc1ccc(Nc2ccc(C(F)(F)F)cc2)cc1,18.53801466,a8,s3,BTMG,AdBrettPhos,0,0,1,0,0,0,0,1,0,1,0,0,0,0,1,0,0,0,0,0,0,0,1,0,0,0,0,0,0,0,0,0,0,0,0
1427,CN1CCCN2CCCN=C12,CC(C1=C(C2=C(OC)C=CC(OC)=C2P(C34CC5CC(C4)CC(C5)C3)C67CC8CC(C7)CC(C8)C6)C(C(C)C)=CC(C(C)C)=C1)C,FC(F)(F)c1ccc(I)cc1,COC(=O)c1oncc1,Cc1ccc(Nc2ccc(C(F)(F)F)cc2)cc1,43.94123378,a8,s3,MTBD,AdBrettPhos,0,0,1,0,0,0,0,1,0,0,1,0,0,0,1,0,0,0,0,0,0,0,1,0,0,0,0,0,0,0,0,0,0,0,0
1442,CN(C)P(N(C)C)(N(C)C)=NP(N(C)C)(N(C)C)=NCC,CC(C)C1=CC(C(C)C)=CC(C(C)C)=C1C2=C(P(C3CCCCC3)C4CCCCC4)C=CC=C2,FC(F)(F)c1ccc(I)cc1,CCOC(=O)c1ccon1,Cc1ccc(Nc2ccc(C(F)(F)F)cc2)cc1,0.0,a9,s3,P2Et,XPhos,0,0,1,0,0,0,0,1,1,0,0,1,0,0,0,0,0,0,0,0,0,0,0,1,0,0,0,0,0,0,0,0,0,0,0
1457,CN(C)/C(N(C)C)=N\C(C)(C)C,CC(C)C1=CC(C(C)C)=CC(C(C)C)=C1C2=C(P(C3CCCCC3)C4CCCCC4)C=CC=C2,FC(F)(F)c1ccc(I)cc1,CCOC(=O)c1ccon1,Cc1ccc(Nc2ccc(C(F)(F)F)cc2)cc1,34.89767991,a9,s3,BTMG,XPhos,0,0,1,0,0,0,0,1,0,1,0,1,0,0,0,0,0,0,0,0,0,0,0,1,0,0,0,0,0,0,0,0,0,0,0
1472,CN1CCCN2CCCN=C12,CC(C)C1=CC(C(C)C)=CC(C(C)C)=C1C2=C(P(C3CCCCC3)C4CCCCC4)C=CC=C2,FC(F)(F)c1ccc(I)cc1,CCOC(=O)c1ccon1,Cc1ccc(Nc2ccc(C(F)(F)F)cc2)cc1,45.90521481,a9,s3,MTBD,XPhos,0,0,1,0,0,0,0,1,0,0,1,1,0,0,0,0,0,0,0,0,0,0,0,1,0,0,0,0,0,0,0,0,0,0,0
1487,CN(C)P(N(C)C)(N(C)C)=NP(N(C)C)(N(C)C)=NCC,CC(C)C1=CC(C(C)C)=CC(C(C)C)=C1C2=C(P(C3CCCCC3)C4CCCCC4)C=CC=C2,FC(F)(F)c1ccc(I)cc1,CCOC(=O)c1cnoc1C,Cc1ccc(Nc2ccc(C(F)(F)F)cc2)cc1,14.02259716,a10,s3,P2Et,XPhos,0,0,1,0,0,0,0,1,1,0,0,1,0,0,0,0,0,0,0,0,0,0,0,0,1,0,0,0,0,0,0,0,0,0,0
1502,CN(C)/C(N(C)C)=N\C(C)(C)C,CC(C)C1=CC(C(C)C)=CC(C(C)C)=C1C2=C(P(C3CCCCC3)C4CCCCC4)C=CC=C2,FC(F)(F)c1ccc(I)cc1,CCOC(=O)c1cnoc1C,Cc1ccc(Nc2ccc(C(F)(F)F)cc2)cc1,19.55154349,a10,s3,BTMG,XPhos,0,0,1,0,0,0,0,1,0,1,0,1,0,0,0,0,0,0,0,0,0,0,0,0,1,0,0,0,0,0,0,0,0,0,0
1517,CN1CCCN2CCCN=C12,CC(C)C1=CC(C(C)C)=CC(C(C)C)=C1C2=C(P(C3CCCCC3)C4CCCCC4)C=CC=C2,FC(F)(F)c1ccc(I)cc1,CCOC(=O)c1cnoc1C,Cc1ccc(Nc2ccc(C(F)(F)F)cc2)cc1,23.3532112,a10,s3,MTBD,XPhos,0,0,1,0,0,0,0,1,0,0,1,1,0,0,0,0,0,0,0,0,0,0,0,0,1,0,0,0,0,0,0,0,0,0,0
1532,CN(C)P(N(C)C)(N(C)C)=NP(N(C)C)(N(C)C)=NCC,CC(C)C1=CC(C(C)C)=CC(C(C)C)=C1C2=C(P(C3CCCCC3)C4CCCCC4)C=CC=C2,FC(F)(F)c1ccc(I)cc1,CCOC(=O)c1conc1,Cc1ccc(Nc2ccc(C(F)(F)F)cc2)cc1,0.0,a11,s3,P2Et,XPhos,0,0,1,0,0,0,0,1,1,0,0,1,0,0,0,0,0,0,0,0,0,0,0,0,0,1,0,0,0,0,0,0,0,0,0
1547,CN(C)/C(N(C)C)=N\C(C)(C)C,CC(C)C1=CC(C(C)C)=CC(C(C)C)=C1C2=C(P(C3CCCCC3)C4CCCCC4)C=CC=C2,FC(F)(F)c1ccc(I)cc1,CCOC(=O)c1conc1,Cc1ccc(Nc2ccc(C(F)(F)F)cc2)cc1,0.70766924,a11,s3,BTMG,XPhos,0,0,1,0,0,0,0,1,0,1,0,1,0,0,0,0,0,0,0,0,0,0,0,0,0,1,0,0,0,0,0,0,0,0,0
1562,CN1CCCN2CCCN=C12,CC(C)C1=CC(C(C)C)=CC(C(C)C)=C1C2=C(P(C3CCCCC3)C4CCCCC4)C=CC=C2,FC(F)(F)c1ccc(I)cc1,CCOC(=O)c1conc1,Cc1ccc(Nc2ccc(C(F)(F)F)cc2)cc1,19.15166059,a11,s3,MTBD,XPhos,0,0,1,0,0,0,0,1,0,0,1,1,0,0,0,0,0,0,0,0,0,0,0,0,0,1,0,0,0,0,0,0,0,0,0
1577,CN(C)P(N(C)C)(N(C)C)=NP(N(C)C)(N(C)C)=NCC,CC(C)C1=CC(C(C)C)=CC(C(C)C)=C1C2=C(P(C3CCCCC3)C4CCCCC4)C=CC=C2,FC(F)(F)c1ccc(I)cc1,o1ncc2ccccc12,Cc1ccc(Nc2ccc(C(F)(F)F)cc2)cc1,35.89724622,a12,s3,P2Et,XPhos,0,0,1,0,0,0,0,1,1,0,0,1,0,0,0,0,0,0,0,0,0,0,0,0,0,0,1,0,0,0,0,0,0,0,0
1592,CN(C)/C(N(C)C)=N\C(C)(C)C,CC(C)C1=CC(C(C)C)=CC(C(C)C)=C1C2=C(P(C3CCCCC3)C4CCCCC4)C=CC=C2,FC(F)(F)c1ccc(I)cc1,o1ncc2ccccc12,Cc1ccc(Nc2ccc(C(F)(F)F)cc2)cc1,26.64038865,a12,s3,BTMG,XPhos,0,0,1,0,0,0,0,1,0,1,0,1,0,0,0,0,0,0,0,0,0,0,0,0,0,0,1,0,0,0,0,0,0,0,0
1607,CN1CCCN2CCCN=C12,CC(C)C1=CC(C(C)C)=CC(C(C)C)=C1C2=C(P(C3CCCCC3)C4CCCCC4)C=CC=C2,FC(F)(F)c1ccc(I)cc1,o1ncc2ccccc12,Cc1ccc(Nc2ccc(C(F)(F)F)cc2)cc1,40.27113975,a12,s3,MTBD,XPhos,0,0,1,0,0,0,0,1,0,0,1,1,0,0,0,0,0,0,0,0,0,0,0,0,0,0,1,0,0,0,0,0,0,0,0
1622,CN(C)P(N(C)C)(N(C)C)=NP(N(C)C)(N(C)C)=NCC,CC(C)C(C=C(C(C)C)C=C1C(C)C)=C1C2=CC=CC=C2P(C(C)(C)C)C(C)(C)C,FC(F)(F)c1ccc(I)cc1,CCOC(=O)c1ccon1,Cc1ccc(Nc2ccc(C(F)(F)F)cc2)cc1,0.0,a9,s3,P2Et,tBuXPhos,0,0,1,0,0,0,0,1,1,0,0,0,1,0,0,0,0,0,0,0,0,0,0,1,0,0,0,0,0,0,0,0,0,0,0
1637,CN(C)/C(N(C)C)=N\C(C)(C)C,CC(C)C(C=C(C(C)C)C=C1C(C)C)=C1C2=CC=CC=C2P(C(C)(C)C)C(C)(C)C,FC(F)(F)c1ccc(I)cc1,CCOC(=O)c1ccon1,Cc1ccc(Nc2ccc(C(F)(F)F)cc2)cc1,35.32665147,a9,s3,BTMG,tBuXPhos,0,0,1,0,0,0,0,1,0,1,0,0,1,0,0,0,0,0,0,0,0,0,0,1,0,0,0,0,0,0,0,0,0,0,0
1652,CN1CCCN2CCCN=C12,CC(C)C(C=C(C(C)C)C=C1C(C)C)=C1C2=CC=CC=C2P(C(C)(C)C)C(C)(C)C,FC(F)(F)c1ccc(I)cc1,CCOC(=O)c1ccon1,Cc1ccc(Nc2ccc(C(F)(F)F)cc2)cc1,48.69500261,a9,s3,MTBD,tBuXPhos,0,0,1,0,0,0,0,1,0,0,1,0,1,0,0,0,0,0,0,0,0,0,0,1,0,0,0,0,0,0,0,0,0,0,0
1667,CN(C)P(N(C)C)(N(C)C)=NP(N(C)C)(N(C)C)=NCC,CC(C)C(C=C(C(C)C)C=C1C(C)C)=C1C2=CC=CC=C2P(C(C)(C)C)C(C)(C)C,FC(F)(F)c1ccc(I)cc1,CCOC(=O)c1cnoc1C,Cc1ccc(Nc2ccc(C(F)(F)F)cc2)cc1,15.87410565,a10,s3,P2Et,tBuXPhos,0,0,1,0,0,0,0,1,1,0,0,0,1,0,0,0,0,0,0,0,0,0,0,0,1,0,0,0,0,0,0,0,0,0,0
1682,CN(C)/C(N(C)C)=N\C(C)(C)C,CC(C)C(C=C(C(C)C)C=C1C(C)C)=C1C2=CC=CC=C2P(C(C)(C)C)C(C)(C)C,FC(F)(F)c1ccc(I)cc1,CCOC(=O)c1cnoc1C,Cc1ccc(Nc2ccc(C(F)(F)F)cc2)cc1,23.9717282,a10,s3,BTMG,tBuXPhos,0,0,1,0,0,0,0,1,0,1,0,0,1,0,0,0,0,0,0,0,0,0,0,0,1,0,0,0,0,0,0,0,0,0,0
1697,CN1CCCN2CCCN=C12,CC(C)C(C=C(C(C)C)C=C1C(C)C)=C1C2=CC=CC=C2P(C(C)(C)C)C(C)(C)C,FC(F)(F)c1ccc(I)cc1,CCOC(=O)c1cnoc1C,Cc1ccc(Nc2ccc(C(F)(F)F)cc2)cc1,41.66866973,a10,s3,MTBD,tBuXPhos,0,0,1,0,0,0,0,1,0,0,1,0,1,0,0,0,0,0,0,0,0,0,0,0,1,0,0,0,0,0,0,0,0,0,0
1712,CN(C)P(N(C)C)(N(C)C)=NP(N(C)C)(N(C)C)=NCC,CC(C)C(C=C(C(C)C)C=C1C(C)C)=C1C2=CC=CC=C2P(C(C)(C)C)C(C)(C)C,FC(F)(F)c1ccc(I)cc1,CCOC(=O)c1conc1,Cc1ccc(Nc2ccc(C(F)(F)F)cc2)cc1,4.765281768,a11,s3,P2Et,tBuXPhos,0,0,1,0,0,0,0,1,1,0,0,0,1,0,0,0,0,0,0,0,0,0,0,0,0,1,0,0,0,0,0,0,0,0,0
1727,CN(C)/C(N(C)C)=N\C(C)(C)C,CC(C)C(C=C(C(C)C)C=C1C(C)C)=C1C2=CC=CC=C2P(C(C)(C)C)C(C)(C)C,FC(F)(F)c1ccc(I)cc1,CCOC(=O)c1conc1,Cc1ccc(Nc2ccc(C(F)(F)F)cc2)cc1,3.141934656,a11,s3,BTMG,tBuXPhos,0,0,1,0,0,0,0,1,0,1,0,0,1,0,0,0,0,0,0,0,0,0,0,0,0,1,0,0,0,0,0,0,0,0,0
1742,CN1CCCN2CCCN=C12,CC(C)C(C=C(C(C)C)C=C1C(C)C)=C1C2=CC=CC=C2P(C(C)(C)C)C(C)(C)C,FC(F)(F)c1ccc(I)cc1,CCOC(=O)c1conc1,Cc1ccc(Nc2ccc(C(F)(F)F)cc2)cc1,23.06691402,a11,s3,MTBD,tBuXPhos,0,0,1,0,0,0,0,1,0,0,1,0,1,0,0,0,0,0,0,0,0,0,0,0,0,1,0,0,0,0,0,0,0,0,0
1757,CN(C)P(N(C)C)(N(C)C)=NP(N(C)C)(N(C)C)=NCC,CC(C)C(C=C(C(C)C)C=C1C(C)C)=C1C2=CC=CC=C2P(C(C)(C)C)C(C)(C)C,FC(F)(F)c1ccc(I)cc1,o1ncc2ccccc12,Cc1ccc(Nc2ccc(C(F)(F)F)cc2)cc1,40.30244069,a12,s3,P2Et,tBuXPhos,0,0,1,0,0,0,0,1,1,0,0,0,1,0,0,0,0,0,0,0,0,0,0,0,0,0,1,0,0,0,0,0,0,0,0
1772,CN(C)/C(N(C)C)=N\C(C)(C)C,CC(C)C(C=C(C(C)C)C=C1C(C)C)=C1C2=CC=CC=C2P(C(C)(C)C)C(C)(C)C,FC(F)(F)c1ccc(I)cc1,o1ncc2ccccc12,Cc1ccc(Nc2ccc(C(F)(F)F)cc2)cc1,31.83731475,a12,s3,BTMG,tBuXPhos,0,0,1,0,0,0,0,1,0,1,0,0,1,0,0,0,0,0,0,0,0,0,0,0,0,0,1,0,0,0,0,0,0,0,0
1787,CN1CCCN2CCCN=C12,CC(C)C(C=C(C(C)C)C=C1C(C)C)=C1C2=CC=CC=C2P(C(C)(C)C)C(C)(C)C,FC(F)(F)c1ccc(I)cc1,o1ncc2ccccc12,Cc1ccc(Nc2ccc(C(F)(F)F)cc2)cc1,49.46796695,a12,s3,MTBD,tBuXPhos,0,0,1,0,0,0,0,1,0,0,1,0,1,0,0,0,0,0,0,0,0,0,0,0,0,0,1,0,0,0,0,0,0,0,0
1802,CN(C)P(N(C)C)(N(C)C)=NP(N(C)C)(N(C)C)=NCC,CC(C)C1=CC(C(C)C)=CC(C(C)C)=C1C2=C(P(C(C)(C)C)C(C)(C)C)C(OC)=CC=C2OC,FC(F)(F)c1ccc(I)cc1,CCOC(=O)c1ccon1,Cc1ccc(Nc2ccc(C(F)(F)F)cc2)cc1,10.5253011,a9,s3,P2Et,tBuBrettPhos,0,0,1,0,0,0,0,1,1,0,0,0,0,1,0,0,0,0,0,0,0,0,0,1,0,0,0,0,0,0,0,0,0,0,0
1817,CN(C)/C(N(C)C)=N\C(C)(C)C,CC(C)C1=CC(C(C)C)=CC(C(C)C)=C1C2=C(P(C(C)(C)C)C(C)(C)C)C(OC)=CC=C2OC,FC(F)(F)c1ccc(I)cc1,CCOC(=O)c1ccon1,Cc1ccc(Nc2ccc(C(F)(F)F)cc2)cc1,35.6149447,a9,s3,BTMG,tBuBrettPhos,0,0,1,0,0,0,0,1,0,1,0,0,0,1,0,0,0,0,0,0,0,0,0,1,0,0,0,0,0,0,0,0,0,0,0
1832,CN1CCCN2CCCN=C12,CC(C)C1=CC(C(C)C)=CC(C(C)C)=C1C2=C(P(C(C)(C)C)C(C)(C)C)C(OC)=CC=C2OC,FC(F)(F)c1ccc(I)cc1,CCOC(=O)c1ccon1,Cc1ccc(Nc2ccc(C(F)(F)F)cc2)cc1,51.11682644,a9,s3,MTBD,tBuBrettPhos,0,0,1,0,0,0,0,1,0,0,1,0,0,1,0,0,0,0,0,0,0,0,0,1,0,0,0,0,0,0,0,0,0,0,0
1847,CN(C)P(N(C)C)(N(C)C)=NP(N(C)C)(N(C)C)=NCC,CC(C)C1=CC(C(C)C)=CC(C(C)C)=C1C2=C(P(C(C)(C)C)C(C)(C)C)C(OC)=CC=C2OC,FC(F)(F)c1ccc(I)cc1,CCOC(=O)c1cnoc1C,Cc1ccc(Nc2ccc(C(F)(F)F)cc2)cc1,12.11048821,a10,s3,P2Et,tBuBrettPhos,0,0,1,0,0,0,0,1,1,0,0,0,0,1,0,0,0,0,0,0,0,0,0,0,1,0,0,0,0,0,0,0,0,0,0
1862,CN(C)/C(N(C)C)=N\C(C)(C)C,CC(C)C1=CC(C(C)C)=CC(C(C)C)=C1C2=C(P(C(C)(C)C)C(C)(C)C)C(OC)=CC=C2OC,FC(F)(F)c1ccc(I)cc1,CCOC(=O)c1cnoc1C,Cc1ccc(Nc2ccc(C(F)(F)F)cc2)cc1,21.43045359,a10,s3,BTMG,tBuBrettPhos,0,0,1,0,0,0,0,1,0,1,0,0,0,1,0,0,0,0,0,0,0,0,0,0,1,0,0,0,0,0,0,0,0,0,0
1877,CN1CCCN2CCCN=C12,CC(C)C1=CC(C(C)C)=CC(C(C)C)=C1C2=C(P(C(C)(C)C)C(C)(C)C)C(OC)=CC=C2OC,FC(F)(F)c1ccc(I)cc1,CCOC(=O)c1cnoc1C,Cc1ccc(Nc2ccc(C(F)(F)F)cc2)cc1,38.79638342,a10,s3,MTBD,tBuBrettPhos,0,0,1,0,0,0,0,1,0,0,1,0,0,1,0,0,0,0,0,0,0,0,0,0,1,0,0,0,0,0,0,0,0,0,0
1892,CN(C)P(N(C)C)(N(C)C)=NP(N(C)C)(N(C)C)=NCC,CC(C)C1=CC(C(C)C)=CC(C(C)C)=C1C2=C(P(C(C)(C)C)C(C)(C)C)C(OC)=CC=C2OC,FC(F)(F)c1ccc(I)cc1,CCOC(=O)c1conc1,Cc1ccc(Nc2ccc(C(F)(F)F)cc2)cc1,4.022257677,a11,s3,P2Et,tBuBrettPhos,0,0,1,0,0,0,0,1,1,0,0,0,0,1,0,0,0,0,0,0,0,0,0,0,0,1,0,0,0,0,0,0,0,0,0
1907,CN(C)/C(N(C)C)=N\C(C)(C)C,CC(C)C1=CC(C(C)C)=CC(C(C)C)=C1C2=C(P(C(C)(C)C)C(C)(C)C)C(OC)=CC=C2OC,FC(F)(F)c1ccc(I)cc1,CCOC(=O)c1conc1,Cc1ccc(Nc2ccc(C(F)(F)F)cc2)cc1,3.566410027,a11,s3,BTMG,tBuBrettPhos,0,0,1,0,0,0,0,1,0,1,0,0,0,1,0,0,0,0,0,0,0,0,0,0,0,1,0,0,0,0,0,0,0,0,0
1922,CN1CCCN2CCCN=C12,CC(C)C1=CC(C(C)C)=CC(C(C)C)=C1C2=C(P(C(C)(C)C)C(C)(C)C)C(OC)=CC=C2OC,FC(F)(F)c1ccc(I)cc1,CCOC(=O)c1conc1,Cc1ccc(Nc2ccc(C(F)(F)F)cc2)cc1,22.47082227,a11,s3,MTBD,tBuBrettPhos,0,0,1,0,0,0,0,1,0,0,1,0,0,1,0,0,0,0,0,0,0,0,0,0,0,1,0,0,0,0,0,0,0,0,0
1937,CN(C)P(N(C)C)(N(C)C)=NP(N(C)C)(N(C)C)=NCC,CC(C)C1=CC(C(C)C)=CC(C(C)C)=C1C2=C(P(C(C)(C)C)C(C)(C)C)C(OC)=CC=C2OC,FC(F)(F)c1ccc(I)cc1,o1ncc2ccccc12,Cc1ccc(Nc2ccc(C(F)(F)F)cc2)cc1,42.70251629,a12,s3,P2Et,tBuBrettPhos,0,0,1,0,0,0,0,1,1,0,0,0,0,1,0,0,0,0,0,0,0,0,0,0,0,0,1,0,0,0,0,0,0,0,0
1952,CN(C)/C(N(C)C)=N\C(C)(C)C,CC(C)C1=CC(C(C)C)=CC(C(C)C)=C1C2=C(P(C(C)(C)C)C(C)(C)C)C(OC)=CC=C2OC,FC(F)(F)c1ccc(I)cc1,o1ncc2ccccc12,Cc1ccc(Nc2ccc(C(F)(F)F)cc2)cc1,33.0062022,a12,s3,BTMG,tBuBrettPhos,0,0,1,0,0,0,0,1,0,1,0,0,0,1,0,0,0,0,0,0,0,0,0,0,0,0,1,0,0,0,0,0,0,0,0
1967,CN1CCCN2CCCN=C12,CC(C)C1=CC(C(C)C)=CC(C(C)C)=C1C2=C(P(C(C)(C)C)C(C)(C)C)C(OC)=CC=C2OC,FC(F)(F)c1ccc(I)cc1,o1ncc2ccccc12,Cc1ccc(Nc2ccc(C(F)(F)F)cc2)cc1,49.30223849,a12,s3,MTBD,tBuBrettPhos,0,0,1,0,0,0,0,1,0,0,1,0,0,1,0,0,0,0,0,0,0,0,0,0,0,0,1,0,0,0,0,0,0,0,0
1982,CN(C)P(N(C)C)(N(C)C)=NP(N(C)C)(N(C)C)=NCC,CC(C1=C(C2=C(OC)C=CC(OC)=C2P(C34CC5CC(C4)CC(C5)C3)C67CC8CC(C7)CC(C8)C6)C(C(C)C)=CC(C(C)C)=C1)C,FC(F)(F)c1ccc(I)cc1,CCOC(=O)c1ccon1,Cc1ccc(Nc2ccc(C(F)(F)F)cc2)cc1,12.15190247,a9,s3,P2Et,AdBrettPhos,0,0,1,0,0,0,0,1,1,0,0,0,0,0,1,0,0,0,0,0,0,0,0,1,0,0,0,0,0,0,0,0,0,0,0
1997,CN(C)/C(N(C)C)=N\C(C)(C)C,CC(C1=C(C2=C(OC)C=CC(OC)=C2P(C34CC5CC(C4)CC(C5)C3)C67CC8CC(C7)CC(C8)C6)C(C(C)C)=CC(C(C)C)=C1)C,FC(F)(F)c1ccc(I)cc1,CCOC(=O)c1ccon1,Cc1ccc(Nc2ccc(C(F)(F)F)cc2)cc1,36.629676,a9,s3,BTMG,AdBrettPhos,0,0,1,0,0,0,0,1,0,1,0,0,0,0,1,0,0,0,0,0,0,0,0,1,0,0,0,0,0,0,0,0,0,0,0
2012,CN1CCCN2CCCN=C12,CC(C1=C(C2=C(OC)C=CC(OC)=C2P(C34CC5CC(C4)CC(C5)C3)C67CC8CC(C7)CC(C8)C6)C(C(C)C)=CC(C(C)C)=C1)C,FC(F)(F)c1ccc(I)cc1,CCOC(=O)c1ccon1,Cc1ccc(Nc2ccc(C(F)(F)F)cc2)cc1,52.49415636,a9,s3,MTBD,AdBrettPhos,0,0,1,0,0,0,0,1,0,0,1,0,0,0,1,0,0,0,0,0,0,0,0,1,0,0,0,0,0,0,0,0,0,0,0
2027,CN(C)P(N(C)C)(N(C)C)=NP(N(C)C)(N(C)C)=NCC,CC(C1=C(C2=C(OC)C=CC(OC)=C2P(C34CC5CC(C4)CC(C5)C3)C67CC8CC(C7)CC(C8)C6)C(C(C)C)=CC(C(C)C)=C1)C,FC(F)(F)c1ccc(I)cc1,CCOC(=O)c1cnoc1C,Cc1ccc(Nc2ccc(C(F)(F)F)cc2)cc1,10.75553549,a10,s3,P2Et,AdBrettPhos,0,0,1,0,0,0,0,1,1,0,0,0,0,0,1,0,0,0,0,0,0,0,0,0,1,0,0,0,0,0,0,0,0,0,0
2042,CN(C)/C(N(C)C)=N\C(C)(C)C,CC(C1=C(C2=C(OC)C=CC(OC)=C2P(C34CC5CC(C4)CC(C5)C3)C67CC8CC(C7)CC(C8)C6)C(C(C)C)=CC(C(C)C)=C1)C,FC(F)(F)c1ccc(I)cc1,CCOC(=O)c1cnoc1C,Cc1ccc(Nc2ccc(C(F)(F)F)cc2)cc1,13.98397961,a10,s3,BTMG,AdBrettPhos,0,0,1,0,0,0,0,1,0,1,0,0,0,0,1,0,0,0,0,0,0,0,0,0,1,0,0,0,0,0,0,0,0,0,0
2057,CN1CCCN2CCCN=C12,CC(C1=C(C2=C(OC)C=CC(OC)=C2P(C34CC5CC(C4)CC(C5)C3)C67CC8CC(C7)CC(C8)C6)C(C(C)C)=CC(C(C)C)=C1)C,FC(F)(F)c1ccc(I)cc1,CCOC(=O)c1cnoc1C,Cc1ccc(Nc2ccc(C(F)(F)F)cc2)cc1,34.65614692,a10,s3,MTBD,AdBrettPhos,0,0,1,0,0,0,0,1,0,0,1,0,0,0,1,0,0,0,0,0,0,0,0,0,1,0,0,0,0,0,0,0,0,0,0
2072,CN(C)P(N(C)C)(N(C)C)=NP(N(C)C)(N(C)C)=NCC,CC(C1=C(C2=C(OC)C=CC(OC)=C2P(C34CC5CC(C4)CC(C5)C3)C67CC8CC(C7)CC(C8)C6)C(C(C)C)=CC(C(C)C)=C1)C,FC(F)(F)c1ccc(I)cc1,CCOC(=O)c1conc1,Cc1ccc(Nc2ccc(C(F)(F)F)cc2)cc1,3.10979023,a11,s3,P2Et,AdBrettPhos,0,0,1,0,0,0,0,1,1,0,0,0,0,0,1,0,0,0,0,0,0,0,0,0,0,1,0,0,0,0,0,0,0,0,0
2087,CN(C)/C(N(C)C)=N\C(C)(C)C,CC(C1=C(C2=C(OC)C=CC(OC)=C2P(C34CC5CC(C4)CC(C5)C3)C67CC8CC(C7)CC(C8)C6)C(C(C)C)=CC(C(C)C)=C1)C,FC(F)(F)c1ccc(I)cc1,CCOC(=O)c1conc1,Cc1ccc(Nc2ccc(C(F)(F)F)cc2)cc1,1.896181594,a11,s3,BTMG,AdBrettPhos,0,0,1,0,0,0,0,1,0,1,0,0,0,0,1,0,0,0,0,0,0,0,0,0,0,1,0,0,0,0,0,0,0,0,0
2102,CN1CCCN2CCCN=C12,CC(C1=C(C2=C(OC)C=CC(OC)=C2P(C34CC5CC(C4)CC(C5)C3)C67CC8CC(C7)CC(C8)C6)C(C(C)C)=CC(C(C)C)=C1)C,FC(F)(F)c1ccc(I)cc1,CCOC(=O)c1conc1,Cc1ccc(Nc2ccc(C(F)(F)F)cc2)cc1,24.45376754,a11,s3,MTBD,AdBrettPhos,0,0,1,0,0,0,0,1,0,0,1,0,0,0,1,0,0,0,0,0,0,0,0,0,0,1,0,0,0,0,0,0,0,0,0
2117,CN(C)P(N(C)C)(N(C)C)=NP(N(C)C)(N(C)C)=NCC,CC(C1=C(C2=C(OC)C=CC(OC)=C2P(C34CC5CC(C4)CC(C5)C3)C67CC8CC(C7)CC(C8)C6)C(C(C)C)=CC(C(C)C)=C1)C,FC(F)(F)c1ccc(I)cc1,o1ncc2ccccc12,Cc1ccc(Nc2ccc(C(F)(F)F)cc2)cc1,28.49871025,a12,s3,P2Et,AdBrettPhos,0,0,1,0,0,0,0,1,1,0,0,0,0,0,1,0,0,0,0,0,0,0,0,0,0,0,1,0,0,0,0,0,0,0,0
2132,CN(C)/C(N(C)C)=N\C(C)(C)C,CC(C1=C(C2=C(OC)C=CC(OC)=C2P(C34CC5CC(C4)CC(C5)C3)C67CC8CC(C7)CC(C8)C6)C(C(C)C)=CC(C(C)C)=C1)C,FC(F)(F)c1ccc(I)cc1,o1ncc2ccccc12,Cc1ccc(Nc2ccc(C(F)(F)F)cc2)cc1,30.77223842,a12,s3,BTMG,AdBrettPhos,0,0,1,0,0,0,0,1,0,1,0,0,0,0,1,0,0,0,0,0,0,0,0,0,0,0,1,0,0,0,0,0,0,0,0
2147,CN1CCCN2CCCN=C12,CC(C1=C(C2=C(OC)C=CC(OC)=C2P(C34CC5CC(C4)CC(C5)C3)C67CC8CC(C7)CC(C8)C6)C(C(C)C)=CC(C(C)C)=C1)C,FC(F)(F)c1ccc(I)cc1,o1ncc2ccccc12,Cc1ccc(Nc2ccc(C(F)(F)F)cc2)cc1,47.13760632,a12,s3,MTBD,AdBrettPhos,0,0,1,0,0,0,0,1,0,0,1,0,0,0,1,0,0,0,0,0,0,0,0,0,0,0,1,0,0,0,0,0,0,0,0
2162,CN(C)P(N(C)C)(N(C)C)=NP(N(C)C)(N(C)C)=NCC,CC(C)C1=CC(C(C)C)=CC(C(C)C)=C1C2=C(P(C3CCCCC3)C4CCCCC4)C=CC=C2,FC(F)(F)c1ccc(I)cc1,CCOC(=O)c1onc(OC)c1,Cc1ccc(Nc2ccc(C(F)(F)F)cc2)cc1,43.39942952,a13,s3,P2Et,XPhos,0,0,1,0,0,0,0,1,1,0,0,1,0,0,0,0,0,0,0,0,0,0,0,0,0,0,0,1,0,0,0,0,0,0,0
2177,CN(C)/C(N(C)C)=N\C(C)(C)C,CC(C)C1=CC(C(C)C)=CC(C(C)C)=C1C2=C(P(C3CCCCC3)C4CCCCC4)C=CC=C2,FC(F)(F)c1ccc(I)cc1,CCOC(=O)c1onc(OC)c1,Cc1ccc(Nc2ccc(C(F)(F)F)cc2)cc1,35.8368136,a13,s3,BTMG,XPhos,0,0,1,0,0,0,0,1,0,1,0,1,0,0,0,0,0,0,0,0,0,0,0,0,0,0,0,1,0,0,0,0,0,0,0
2192,CN1CCCN2CCCN=C12,CC(C)C1=CC(C(C)C)=CC(C(C)C)=C1C2=C(P(C3CCCCC3)C4CCCCC4)C=CC=C2,FC(F)(F)c1ccc(I)cc1,CCOC(=O)c1onc(OC)c1,Cc1ccc(Nc2ccc(C(F)(F)F)cc2)cc1,37.70168941,a13,s3,MTBD,XPhos,0,0,1,0,0,0,0,1,0,0,1,1,0,0,0,0,0,0,0,0,0,0,0,0,0,0,0,1,0,0,0,0,0,0,0
2207,CN(C)P(N(C)C)(N(C)C)=NP(N(C)C)(N(C)C)=NCC,CC(C)C1=CC(C(C)C)=CC(C(C)C)=C1C2=C(P(C3CCCCC3)C4CCCCC4)C=CC=C2,FC(F)(F)c1ccc(I)cc1,Cc1cc(on1)c2ccccc2,Cc1ccc(Nc2ccc(C(F)(F)F)cc2)cc1,42.71521565,a14,s3,P2Et,XPhos,0,0,1,0,0,0,0,1,1,0,0,1,0,0,0,0,0,0,0,0,0,0,0,0,0,0,0,0,1,0,0,0,0,0,0
2222,CN(C)/C(N(C)C)=N\C(C)(C)C,CC(C)C1=CC(C(C)C)=CC(C(C)C)=C1C2=C(P(C3CCCCC3)C4CCCCC4)C=CC=C2,FC(F)(F)c1ccc(I)cc1,Cc1cc(on1)c2ccccc2,Cc1ccc(Nc2ccc(C(F)(F)F)cc2)cc1,37.39576088,a14,s3,BTMG,XPhos,0,0,1,0,0,0,0,1,0,1,0,1,0,0,0,0,0,0,0,0,0,0,0,0,0,0,0,0,1,0,0,0,0,0,0
2237,CN1CCCN2CCCN=C12,CC(C)C1=CC(C(C)C)=CC(C(C)C)=C1C2=C(P(C3CCCCC3)C4CCCCC4)C=CC=C2,FC(F)(F)c1ccc(I)cc1,Cc1cc(on1)c2ccccc2,Cc1ccc(Nc2ccc(C(F)(F)F)cc2)cc1,38.83428513,a14,s3,MTBD,XPhos,0,0,1,0,0,0,0,1,0,0,1,1,0,0,0,0,0,0,0,0,0,0,0,0,0,0,0,0,1,0,0,0,0,0,0
2252,CN(C)P(N(C)C)(N(C)C)=NP(N(C)C)(N(C)C)=NCC,CC(C)C1=CC(C(C)C)=CC(C(C)C)=C1C2=C(P(C3CCCCC3)C4CCCCC4)C=CC=C2,FC(F)(F)c1ccc(I)cc1,C(N(Cc1ccccc1)c2ccon2)c3ccccc3,Cc1ccc(Nc2ccc(C(F)(F)F)cc2)cc1,40.67066673,a15,s3,P2Et,XPhos,0,0,1,0,0,0,0,1,1,0,0,1,0,0,0,0,0,0,0,0,0,0,0,0,0,0,0,0,0,1,0,0,0,0,0
2267,CN(C)/C(N(C)C)=N\C(C)(C)C,CC(C)C1=CC(C(C)C)=CC(C(C)C)=C1C2=C(P(C3CCCCC3)C4CCCCC4)C=CC=C2,FC(F)(F)c1ccc(I)cc1,C(N(Cc1ccccc1)c2ccon2)c3ccccc3,Cc1ccc(Nc2ccc(C(F)(F)F)cc2)cc1,42.94679968,a15,s3,BTMG,XPhos,0,0,1,0,0,0,0,1,0,1,0,1,0,0,0,0,0,0,0,0,0,0,0,0,0,0,0,0,0,1,0,0,0,0,0
2282,CN1CCCN2CCCN=C12,CC(C)C1=CC(C(C)C)=CC(C(C)C)=C1C2=C(P(C3CCCCC3)C4CCCCC4)C=CC=C2,FC(F)(F)c1ccc(I)cc1,C(N(Cc1ccccc1)c2ccon2)c3ccccc3,Cc1ccc(Nc2ccc(C(F)(F)F)cc2)cc1,38.95047983,a15,s3,MTBD,XPhos,0,0,1,0,0,0,0,1,0,0,1,1,0,0,0,0,0,0,0,0,0,0,0,0,0,0,0,0,0,1,0,0,0,0,0
2297,CN(C)P(N(C)C)(N(C)C)=NP(N(C)C)(N(C)C)=NCC,CC(C)C1=CC(C(C)C)=CC(C(C)C)=C1C2=C(P(C3CCCCC3)C4CCCCC4)C=CC=C2,FC(F)(F)c1ccc(I)cc1,COC(=O)c1cc(on1)c2occc2,Cc1ccc(Nc2ccc(C(F)(F)F)cc2)cc1,38.88169758,a16,s3,P2Et,XPhos,0,0,1,0,0,0,0,1,1,0,0,1,0,0,0,0,0,0,0,0,0,0,0,0,0,0,0,0,0,0,1,0,0,0,0
2312,CN(C)/C(N(C)C)=N\C(C)(C)C,CC(C)C1=CC(C(C)C)=CC(C(C)C)=C1C2=C(P(C3CCCCC3)C4CCCCC4)C=CC=C2,FC(F)(F)c1ccc(I)cc1,COC(=O)c1cc(on1)c2occc2,Cc1ccc(Nc2ccc(C(F)(F)F)cc2)cc1,26.99117029,a16,s3,BTMG,XPhos,0,0,1,0,0,0,0,1,0,1,0,1,0,0,0,0,0,0,0,0,0,0,0,0,0,0,0,0,0,0,1,0,0,0,0
2327,CN1CCCN2CCCN=C12,CC(C)C1=CC(C(C)C)=CC(C(C)C)=C1C2=C(P(C3CCCCC3)C4CCCCC4)C=CC=C2,FC(F)(F)c1ccc(I)cc1,COC(=O)c1cc(on1)c2occc2,Cc1ccc(Nc2ccc(C(F)(F)F)cc2)cc1,34.0336157,a16,s3,MTBD,XPhos,0,0,1,0,0,0,0,1,0,0,1,1,0,0,0,0,0,0,0,0,0,0,0,0,0,0,0,0,0,0,1,0,0,0,0
2342,CN(C)P(N(C)C)(N(C)C)=NP(N(C)C)(N(C)C)=NCC,CC(C)C(C=C(C(C)C)C=C1C(C)C)=C1C2=CC=CC=C2P(C(C)(C)C)C(C)(C)C,FC(F)(F)c1ccc(I)cc1,CCOC(=O)c1onc(OC)c1,Cc1ccc(Nc2ccc(C(F)(F)F)cc2)cc1,40.2947746,a13,s3,P2Et,tBuXPhos,0,0,1,0,0,0,0,1,1,0,0,0,1,0,0,0,0,0,0,0,0,0,0,0,0,0,0,1,0,0,0,0,0,0,0
2357,CN(C)/C(N(C)C)=N\C(C)(C)C,CC(C)C(C=C(C(C)C)C=C1C(C)C)=C1C2=CC=CC=C2P(C(C)(C)C)C(C)(C)C,FC(F)(F)c1ccc(I)cc1,CCOC(=O)c1onc(OC)c1,Cc1ccc(Nc2ccc(C(F)(F)F)cc2)cc1,40.40712226,a13,s3,BTMG,tBuXPhos,0,0,1,0,0,0,0,1,0,1,0,0,1,0,0,0,0,0,0,0,0,0,0,0,0,0,0,1,0,0,0,0,0,0,0
2372,CN1CCCN2CCCN=C12,CC(C)C(C=C(C(C)C)C=C1C(C)C)=C1C2=CC=CC=C2P(C(C)(C)C)C(C)(C)C,FC(F)(F)c1ccc(I)cc1,CCOC(=O)c1onc(OC)c1,Cc1ccc(Nc2ccc(C(F)(F)F)cc2)cc1,42.68462411,a13,s3,MTBD,tBuXPhos,0,0,1,0,0,0,0,1,0,0,1,0,1,0,0,0,0,0,0,0,0,0,0,0,0,0,0,1,0,0,0,0,0,0,0
2387,CN(C)P(N(C)C)(N(C)C)=NP(N(C)C)(N(C)C)=NCC,CC(C)C(C=C(C(C)C)C=C1C(C)C)=C1C2=CC=CC=C2P(C(C)(C)C)C(C)(C)C,FC(F)(F)c1ccc(I)cc1,Cc1cc(on1)c2ccccc2,Cc1ccc(Nc2ccc(C(F)(F)F)cc2)cc1,38.41251828,a14,s3,P2Et,tBuXPhos,0,0,1,0,0,0,0,1,1,0,0,0,1,0,0,0,0,0,0,0,0,0,0,0,0,0,0,0,1,0,0,0,0,0,0
2402,CN(C)/C(N(C)C)=N\C(C)(C)C,CC(C)C(C=C(C(C)C)C=C1C(C)C)=C1C2=CC=CC=C2P(C(C)(C)C)C(C)(C)C,FC(F)(F)c1ccc(I)cc1,Cc1cc(on1)c2ccccc2,Cc1ccc(Nc2ccc(C(F)(F)F)cc2)cc1,36.57290373,a14,s3,BTMG,tBuXPhos,0,0,1,0,0,0,0,1,0,1,0,0,1,0,0,0,0,0,0,0,0,0,0,0,0,0,0,0,1,0,0,0,0,0,0
2417,CN1CCCN2CCCN=C12,CC(C)C(C=C(C(C)C)C=C1C(C)C)=C1C2=CC=CC=C2P(C(C)(C)C)C(C)(C)C,FC(F)(F)c1ccc(I)cc1,Cc1cc(on1)c2ccccc2,Cc1ccc(Nc2ccc(C(F)(F)F)cc2)cc1,42.25144884,a14,s3,MTBD,tBuXPhos,0,0,1,0,0,0,0,1,0,0,1,0,1,0,0,0,0,0,0,0,0,0,0,0,0,0,0,0,1,0,0,0,0,0,0
2432,CN(C)P(N(C)C)(N(C)C)=NP(N(C)C)(N(C)C)=NCC,CC(C)C(C=C(C(C)C)C=C1C(C)C)=C1C2=CC=CC=C2P(C(C)(C)C)C(C)(C)C,FC(F)(F)c1ccc(I)cc1,C(N(Cc1ccccc1)c2ccon2)c3ccccc3,Cc1ccc(Nc2ccc(C(F)(F)F)cc2)cc1,39.55792883,a15,s3,P2Et,tBuXPhos,0,0,1,0,0,0,0,1,1,0,0,0,1,0,0,0,0,0,0,0,0,0,0,0,0,0,0,0,0,1,0,0,0,0,0
2447,CN(C)/C(N(C)C)=N\C(C)(C)C,CC(C)C(C=C(C(C)C)C=C1C(C)C)=C1C2=CC=CC=C2P(C(C)(C)C)C(C)(C)C,FC(F)(F)c1ccc(I)cc1,C(N(Cc1ccccc1)c2ccon2)c3ccccc3,Cc1ccc(Nc2ccc(C(F)(F)F)cc2)cc1,39.02512557,a15,s3,BTMG,tBuXPhos,0,0,1,0,0,0,0,1,0,1,0,0,1,0,0,0,0,0,0,0,0,0,0,0,0,0,0,0,0,1,0,0,0,0,0
2462,CN1CCCN2CCCN=C12,CC(C)C(C=C(C(C)C)C=C1C(C)C)=C1C2=CC=CC=C2P(C(C)(C)C)C(C)(C)C,FC(F)(F)c1ccc(I)cc1,C(N(Cc1ccccc1)c2ccon2)c3ccccc3,Cc1ccc(Nc2ccc(C(F)(F)F)cc2)cc1,41.55598689,a15,s3,MTBD,tBuXPhos,0,0,1,0,0,0,0,1,0,0,1,0,1,0,0,0,0,0,0,0,0,0,0,0,0,0,0,0,0,1,0,0,0,0,0
2477,CN(C)P(N(C)C)(N(C)C)=NP(N(C)C)(N(C)C)=NCC,CC(C)C(C=C(C(C)C)C=C1C(C)C)=C1C2=CC=CC=C2P(C(C)(C)C)C(C)(C)C,FC(F)(F)c1ccc(I)cc1,COC(=O)c1cc(on1)c2occc2,Cc1ccc(Nc2ccc(C(F)(F)F)cc2)cc1,40.11142329,a16,s3,P2Et,tBuXPhos,0,0,1,0,0,0,0,1,1,0,0,0,1,0,0,0,0,0,0,0,0,0,0,0,0,0,0,0,0,0,1,0,0,0,0
2492,CN(C)/C(N(C)C)=N\C(C)(C)C,CC(C)C(C=C(C(C)C)C=C1C(C)C)=C1C2=CC=CC=C2P(C(C)(C)C)C(C)(C)C,FC(F)(F)c1ccc(I)cc1,COC(=O)c1cc(on1)c2occc2,Cc1ccc(Nc2ccc(C(F)(F)F)cc2)cc1,36.58867026,a16,s3,BTMG,tBuXPhos,0,0,1,0,0,0,0,1,0,1,0,0,1,0,0,0,0,0,0,0,0,0,0,0,0,0,0,0,0,0,1,0,0,0,0
2507,CN1CCCN2CCCN=C12,CC(C)C(C=C(C(C)C)C=C1C(C)C)=C1C2=CC=CC=C2P(C(C)(C)C)C(C)(C)C,FC(F)(F)c1ccc(I)cc1,COC(=O)c1cc(on1)c2occc2,Cc1ccc(Nc2ccc(C(F)(F)F)cc2)cc1,42.68363634,a16,s3,MTBD,tBuXPhos,0,0,1,0,0,0,0,1,0,0,1,0,1,0,0,0,0,0,0,0,0,0,0,0,0,0,0,0,0,0,1,0,0,0,0
2522,CN(C)P(N(C)C)(N(C)C)=NP(N(C)C)(N(C)C)=NCC,CC(C)C1=CC(C(C)C)=CC(C(C)C)=C1C2=C(P(C(C)(C)C)C(C)(C)C)C(OC)=CC=C2OC,FC(F)(F)c1ccc(I)cc1,CCOC(=O)c1onc(OC)c1,Cc1ccc(Nc2ccc(C(F)(F)F)cc2)cc1,34.79607292,a13,s3,P2Et,tBuBrettPhos,0,0,1,0,0,0,0,1,1,0,0,0,0,1,0,0,0,0,0,0,0,0,0,0,0,0,0,1,0,0,0,0,0,0,0
2537,CN(C)/C(N(C)C)=N\C(C)(C)C,CC(C)C1=CC(C(C)C)=CC(C(C)C)=C1C2=C(P(C(C)(C)C)C(C)(C)C)C(OC)=CC=C2OC,FC(F)(F)c1ccc(I)cc1,CCOC(=O)c1onc(OC)c1,Cc1ccc(Nc2ccc(C(F)(F)F)cc2)cc1,37.62624076,a13,s3,BTMG,tBuBrettPhos,0,0,1,0,0,0,0,1,0,1,0,0,0,1,0,0,0,0,0,0,0,0,0,0,0,0,0,1,0,0,0,0,0,0,0
2552,CN1CCCN2CCCN=C12,CC(C)C1=CC(C(C)C)=CC(C(C)C)=C1C2=C(P(C(C)(C)C)C(C)(C)C)C(OC)=CC=C2OC,FC(F)(F)c1ccc(I)cc1,CCOC(=O)c1onc(OC)c1,Cc1ccc(Nc2ccc(C(F)(F)F)cc2)cc1,40.48594286,a13,s3,MTBD,tBuBrettPhos,0,0,1,0,0,0,0,1,0,0,1,0,0,1,0,0,0,0,0,0,0,0,0,0,0,0,0,1,0,0,0,0,0,0,0
2567,CN(C)P(N(C)C)(N(C)C)=NP(N(C)C)(N(C)C)=NCC,CC(C)C1=CC(C(C)C)=CC(C(C)C)=C1C2=C(P(C(C)(C)C)C(C)(C)C)C(OC)=CC=C2OC,FC(F)(F)c1ccc(I)cc1,Cc1cc(on1)c2ccccc2,Cc1ccc(Nc2ccc(C(F)(F)F)cc2)cc1,33.55651029,a14,s3,P2Et,tBuBrettPhos,0,0,1,0,0,0,0,1,1,0,0,0,0,1,0,0,0,0,0,0,0,0,0,0,0,0,0,0,1,0,0,0,0,0,0
2582,CN(C)/C(N(C)C)=N\C(C)(C)C,CC(C)C1=CC(C(C)C)=CC(C(C)C)=C1C2=C(P(C(C)(C)C)C(C)(C)C)C(OC)=CC=C2OC,FC(F)(F)c1ccc(I)cc1,Cc1cc(on1)c2ccccc2,Cc1ccc(Nc2ccc(C(F)(F)F)cc2)cc1,36.0162633,a14,s3,BTMG,tBuBrettPhos,0,0,1,0,0,0,0,1,0,1,0,0,0,1,0,0,0,0,0,0,0,0,0,0,0,0,0,0,1,0,0,0,0,0,0
2597,CN1CCCN2CCCN=C12,CC(C)C1=CC(C(C)C)=CC(C(C)C)=C1C2=C(P(C(C)(C)C)C(C)(C)C)C(OC)=CC=C2OC,FC(F)(F)c1ccc(I)cc1,Cc1cc(on1)c2ccccc2,Cc1ccc(Nc2ccc(C(F)(F)F)cc2)cc1,41.728023,a14,s3,MTBD,tBuBrettPhos,0,0,1,0,0,0,0,1,0,0,1,0,0,1,0,0,0,0,0,0,0,0,0,0,0,0,0,0,1,0,0,0,0,0,0
2612,CN(C)P(N(C)C)(N(C)C)=NP(N(C)C)(N(C)C)=NCC,CC(C)C1=CC(C(C)C)=CC(C(C)C)=C1C2=C(P(C(C)(C)C)C(C)(C)C)C(OC)=CC=C2OC,FC(F)(F)c1ccc(I)cc1,C(N(Cc1ccccc1)c2ccon2)c3ccccc3,Cc1ccc(Nc2ccc(C(F)(F)F)cc2)cc1,36.31466019,a15,s3,P2Et,tBuBrettPhos,0,0,1,0,0,0,0,1,1,0,0,0,0,1,0,0,0,0,0,0,0,0,0,0,0,0,0,0,0,1,0,0,0,0,0
2627,CN(C)/C(N(C)C)=N\C(C)(C)C,CC(C)C1=CC(C(C)C)=CC(C(C)C)=C1C2=C(P(C(C)(C)C)C(C)(C)C)C(OC)=CC=C2OC,FC(F)(F)c1ccc(I)cc1,C(N(Cc1ccccc1)c2ccon2)c3ccccc3,Cc1ccc(Nc2ccc(C(F)(F)F)cc2)cc1,36.76661903,a15,s3,BTMG,tBuBrettPhos,0,0,1,0,0,0,0,1,0,1,0,0,0,1,0,0,0,0,0,0,0,0,0,0,0,0,0,0,0,1,0,0,0,0,0
2642,CN1CCCN2CCCN=C12,CC(C)C1=CC(C(C)C)=CC(C(C)C)=C1C2=C(P(C(C)(C)C)C(C)(C)C)C(OC)=CC=C2OC,FC(F)(F)c1ccc(I)cc1,C(N(Cc1ccccc1)c2ccon2)c3ccccc3,Cc1ccc(Nc2ccc(C(F)(F)F)cc2)cc1,41.71330917,a15,s3,MTBD,tBuBrettPhos,0,0,1,0,0,0,0,1,0,0,1,0,0,1,0,0,0,0,0,0,0,0,0,0,0,0,0,0,0,1,0,0,0,0,0
2657,CN(C)P(N(C)C)(N(C)C)=NP(N(C)C)(N(C)C)=NCC,CC(C)C1=CC(C(C)C)=CC(C(C)C)=C1C2=C(P(C(C)(C)C)C(C)(C)C)C(OC)=CC=C2OC,FC(F)(F)c1ccc(I)cc1,COC(=O)c1cc(on1)c2occc2,Cc1ccc(Nc2ccc(C(F)(F)F)cc2)cc1,31.38632484,a16,s3,P2Et,tBuBrettPhos,0,0,1,0,0,0,0,1,1,0,0,0,0,1,0,0,0,0,0,0,0,0,0,0,0,0,0,0,0,0,1,0,0,0,0
2672,CN(C)/C(N(C)C)=N\C(C)(C)C,CC(C)C1=CC(C(C)C)=CC(C(C)C)=C1C2=C(P(C(C)(C)C)C(C)(C)C)C(OC)=CC=C2OC,FC(F)(F)c1ccc(I)cc1,COC(=O)c1cc(on1)c2occc2,Cc1ccc(Nc2ccc(C(F)(F)F)cc2)cc1,36.44138063,a16,s3,BTMG,tBuBrettPhos,0,0,1,0,0,0,0,1,0,1,0,0,0,1,0,0,0,0,0,0,0,0,0,0,0,0,0,0,0,0,1,0,0,0,0
2687,CN1CCCN2CCCN=C12,CC(C)C1=CC(C(C)C)=CC(C(C)C)=C1C2=C(P(C(C)(C)C)C(C)(C)C)C(OC)=CC=C2OC,FC(F)(F)c1ccc(I)cc1,COC(=O)c1cc(on1)c2occc2,Cc1ccc(Nc2ccc(C(F)(F)F)cc2)cc1,41.73289196,a16,s3,MTBD,tBuBrettPhos,0,0,1,0,0,0,0,1,0,0,1,0,0,1,0,0,0,0,0,0,0,0,0,0,0,0,0,0,0,0,1,0,0,0,0
2702,CN(C)P(N(C)C)(N(C)C)=NP(N(C)C)(N(C)C)=NCC,CC(C1=C(C2=C(OC)C=CC(OC)=C2P(C34CC5CC(C4)CC(C5)C3)C67CC8CC(C7)CC(C8)C6)C(C(C)C)=CC(C(C)C)=C1)C,FC(F)(F)c1ccc(I)cc1,CCOC(=O)c1onc(OC)c1,Cc1ccc(Nc2ccc(C(F)(F)F)cc2)cc1,37.54624547,a13,s3,P2Et,AdBrettPhos,0,0,1,0,0,0,0,1,1,0,0,0,0,0,1,0,0,0,0,0,0,0,0,0,0,0,0,1,0,0,0,0,0,0,0
2717,CN(C)/C(N(C)C)=N\C(C)(C)C,CC(C1=C(C2=C(OC)C=CC(OC)=C2P(C34CC5CC(C4)CC(C5)C3)C67CC8CC(C7)CC(C8)C6)C(C(C)C)=CC(C(C)C)=C1)C,FC(F)(F)c1ccc(I)cc1,CCOC(=O)c1onc(OC)c1,Cc1ccc(Nc2ccc(C(F)(F)F)cc2)cc1,39.43512545,a13,s3,BTMG,AdBrettPhos,0,0,1,0,0,0,0,1,0,1,0,0,0,0,1,0,0,0,0,0,0,0,0,0,0,0,0,1,0,0,0,0,0,0,0
2732,CN1CCCN2CCCN=C12,CC(C1=C(C2=C(OC)C=CC(OC)=C2P(C34CC5CC(C4)CC(C5)C3)C67CC8CC(C7)CC(C8)C6)C(C(C)C)=CC(C(C)C)=C1)C,FC(F)(F)c1ccc(I)cc1,CCOC(=O)c1onc(OC)c1,Cc1ccc(Nc2ccc(C(F)(F)F)cc2)cc1,45.77926691,a13,s3,MTBD,AdBrettPhos,0,0,1,0,0,0,0,1,0,0,1,0,0,0,1,0,0,0,0,0,0,0,0,0,0,0,0,1,0,0,0,0,0,0,0
2747,CN(C)P(N(C)C)(N(C)C)=NP(N(C)C)(N(C)C)=NCC,CC(C1=C(C2=C(OC)C=CC(OC)=C2P(C34CC5CC(C4)CC(C5)C3)C67CC8CC(C7)CC(C8)C6)C(C(C)C)=CC(C(C)C)=C1)C,FC(F)(F)c1ccc(I)cc1,Cc1cc(on1)c2ccccc2,Cc1ccc(Nc2ccc(C(F)(F)F)cc2)cc1,29.68665622,a14,s3,P2Et,AdBrettPhos,0,0,1,0,0,0,0,1,1,0,0,0,0,0,1,0,0,0,0,0,0,0,0,0,0,0,0,0,1,0,0,0,0,0,0
2762,CN(C)/C(N(C)C)=N\C(C)(C)C,CC(C1=C(C2=C(OC)C=CC(OC)=C2P(C34CC5CC(C4)CC(C5)C3)C67CC8CC(C7)CC(C8)C6)C(C(C)C)=CC(C(C)C)=C1)C,FC(F)(F)c1ccc(I)cc1,Cc1cc(on1)c2ccccc2,Cc1ccc(Nc2ccc(C(F)(F)F)cc2)cc1,39.12761896,a14,s3,BTMG,AdBrettPhos,0,0,1,0,0,0,0,1,0,1,0,0,0,0,1,0,0,0,0,0,0,0,0,0,0,0,0,0,1,0,0,0,0,0,0
2777,CN1CCCN2CCCN=C12,CC(C1=C(C2=C(OC)C=CC(OC)=C2P(C34CC5CC(C4)CC(C5)C3)C67CC8CC(C7)CC(C8)C6)C(C(C)C)=CC(C(C)C)=C1)C,FC(F)(F)c1ccc(I)cc1,Cc1cc(on1)c2ccccc2,Cc1ccc(Nc2ccc(C(F)(F)F)cc2)cc1,45.20399384,a14,s3,MTBD,AdBrettPhos,0,0,1,0,0,0,0,1,0,0,1,0,0,0,1,0,0,0,0,0,0,0,0,0,0,0,0,0,1,0,0,0,0,0,0
2792,CN(C)P(N(C)C)(N(C)C)=NP(N(C)C)(N(C)C)=NCC,CC(C1=C(C2=C(OC)C=CC(OC)=C2P(C34CC5CC(C4)CC(C5)C3)C67CC8CC(C7)CC(C8)C6)C(C(C)C)=CC(C(C)C)=C1)C,FC(F)(F)c1ccc(I)cc1,C(N(Cc1ccccc1)c2ccon2)c3ccccc3,Cc1ccc(Nc2ccc(C(F)(F)F)cc2)cc1,30.87761179,a15,s3,P2Et,AdBrettPhos,0,0,1,0,0,0,0,1,1,0,0,0,0,0,1,0,0,0,0,0,0,0,0,0,0,0,0,0,0,1,0,0,0,0,0
2807,CN(C)/C(N(C)C)=N\C(C)(C)C,CC(C1=C(C2=C(OC)C=CC(OC)=C2P(C34CC5CC(C4)CC(C5)C3)C67CC8CC(C7)CC(C8)C6)C(C(C)C)=CC(C(C)C)=C1)C,FC(F)(F)c1ccc(I)cc1,C(N(Cc1ccccc1)c2ccon2)c3ccccc3,Cc1ccc(Nc2ccc(C(F)(F)F)cc2)cc1,37.90012178,a15,s3,BTMG,AdBrettPhos,0,0,1,0,0,0,0,1,0,1,0,0,0,0,1,0,0,0,0,0,0,0,0,0,0,0,0,0,0,1,0,0,0,0,0
2822,CN1CCCN2CCCN=C12,CC(C1=C(C2=C(OC)C=CC(OC)=C2P(C34CC5CC(C4)CC(C5)C3)C67CC8CC(C7)CC(C8)C6)C(C(C)C)=CC(C(C)C)=C1)C,FC(F)(F)c1ccc(I)cc1,C(N(Cc1ccccc1)c2ccon2)c3ccccc3,Cc1ccc(Nc2ccc(C(F)(F)F)cc2)cc1,44.68109157,a15,s3,MTBD,AdBrettPhos,0,0,1,0,0,0,0,1,0,0,1,0,0,0,1,0,0,0,0,0,0,0,0,0,0,0,0,0,0,1,0,0,0,0,0
2837,CN(C)P(N(C)C)(N(C)C)=NP(N(C)C)(N(C)C)=NCC,CC(C1=C(C2=C(OC)C=CC(OC)=C2P(C34CC5CC(C4)CC(C5)C3)C67CC8CC(C7)CC(C8)C6)C(C(C)C)=CC(C(C)C)=C1)C,FC(F)(F)c1ccc(I)cc1,COC(=O)c1cc(on1)c2occc2,Cc1ccc(Nc2ccc(C(F)(F)F)cc2)cc1,30.7124479,a16,s3,P2Et,AdBrettPhos,0,0,1,0,0,0,0,1,1,0,0,0,0,0,1,0,0,0,0,0,0,0,0,0,0,0,0,0,0,0,1,0,0,0,0
2852,CN(C)/C(N(C)C)=N\C(C)(C)C,CC(C1=C(C2=C(OC)C=CC(OC)=C2P(C34CC5CC(C4)CC(C5)C3)C67CC8CC(C7)CC(C8)C6)C(C(C)C)=CC(C(C)C)=C1)C,FC(F)(F)c1ccc(I)cc1,COC(=O)c1cc(on1)c2occc2,Cc1ccc(Nc2ccc(C(F)(F)F)cc2)cc1,34.85762141,a16,s3,BTMG,AdBrettPhos,0,0,1,0,0,0,0,1,0,1,0,0,0,0,1,0,0,0,0,0,0,0,0,0,0,0,0,0,0,0,1,0,0,0,0
2867,CN1CCCN2CCCN=C12,CC(C1=C(C2=C(OC)C=CC(OC)=C2P(C34CC5CC(C4)CC(C5)C3)C67CC8CC(C7)CC(C8)C6)C(C(C)C)=CC(C(C)C)=C1)C,FC(F)(F)c1ccc(I)cc1,COC(=O)c1cc(on1)c2occc2,Cc1ccc(Nc2ccc(C(F)(F)F)cc2)cc1,40.21154517,a16,s3,MTBD,AdBrettPhos,0,0,1,0,0,0,0,1,0,0,1,0,0,0,1,0,0,0,0,0,0,0,0,0,0,0,0,0,0,0,1,0,0,0,0
2882,CN(C)P(N(C)C)(N(C)C)=NP(N(C)C)(N(C)C)=NCC,CC(C)C1=CC(C(C)C)=CC(C(C)C)=C1C2=C(P(C3CCCCC3)C4CCCCC4)C=CC=C2,FC(F)(F)c1ccc(I)cc1,Fc1cccc(F)c1c2oncc2,Cc1ccc(Nc2ccc(C(F)(F)F)cc2)cc1,15.9216391,a17,s3,P2Et,XPhos,0,0,1,0,0,0,0,1,1,0,0,1,0,0,0,0,0,0,0,0,0,0,0,0,0,0,0,0,0,0,0,1,0,0,0
2897,CN(C)/C(N(C)C)=N\C(C)(C)C,CC(C)C1=CC(C(C)C)=CC(C(C)C)=C1C2=C(P(C3CCCCC3)C4CCCCC4)C=CC=C2,FC(F)(F)c1ccc(I)cc1,Fc1cccc(F)c1c2oncc2,Cc1ccc(Nc2ccc(C(F)(F)F)cc2)cc1,25.45694196,a17,s3,BTMG,XPhos,0,0,1,0,0,0,0,1,0,1,0,1,0,0,0,0,0,0,0,0,0,0,0,0,0,0,0,0,0,0,0,1,0,0,0
2912,CN1CCCN2CCCN=C12,CC(C)C1=CC(C(C)C)=CC(C(C)C)=C1C2=C(P(C3CCCCC3)C4CCCCC4)C=CC=C2,FC(F)(F)c1ccc(I)cc1,Fc1cccc(F)c1c2oncc2,Cc1ccc(Nc2ccc(C(F)(F)F)cc2)cc1,24.0555231,a17,s3,MTBD,XPhos,0,0,1,0,0,0,0,1,0,0,1,1,0,0,0,0,0,0,0,0,0,0,0,0,0,0,0,0,0,0,0,1,0,0,0
2927,CN(C)P(N(C)C)(N(C)C)=NP(N(C)C)(N(C)C)=NCC,CC(C)C1=CC(C(C)C)=CC(C(C)C)=C1C2=C(P(C3CCCCC3)C4CCCCC4)C=CC=C2,FC(F)(F)c1ccc(I)cc1,C(N(Cc1ccccc1)c2oncc2)c3ccccc3,Cc1ccc(Nc2ccc(C(F)(F)F)cc2)cc1,8.373801377000001,a18,s3,P2Et,XPhos,0,0,1,0,0,0,0,1,1,0,0,1,0,0,0,0,0,0,0,0,0,0,0,0,0,0,0,0,0,0,0,0,1,0,0
2942,CN(C)/C(N(C)C)=N\C(C)(C)C,CC(C)C1=CC(C(C)C)=CC(C(C)C)=C1C2=C(P(C3CCCCC3)C4CCCCC4)C=CC=C2,FC(F)(F)c1ccc(I)cc1,C(N(Cc1ccccc1)c2oncc2)c3ccccc3,Cc1ccc(Nc2ccc(C(F)(F)F)cc2)cc1,32.01377764,a18,s3,BTMG,XPhos,0,0,1,0,0,0,0,1,0,1,0,1,0,0,0,0,0,0,0,0,0,0,0,0,0,0,0,0,0,0,0,0,1,0,0
2957,CN1CCCN2CCCN=C12,CC(C)C1=CC(C(C)C)=CC(C(C)C)=C1C2=C(P(C3CCCCC3)C4CCCCC4)C=CC=C2,FC(F)(F)c1ccc(I)cc1,C(N(Cc1ccccc1)c2oncc2)c3ccccc3,Cc1ccc(Nc2ccc(C(F)(F)F)cc2)cc1,23.19251783,a18,s3,MTBD,XPhos,0,0,1,0,0,0,0,1,0,0,1,1,0,0,0,0,0,0,0,0,0,0,0,0,0,0,0,0,0,0,0,0,1,0,0
2972,CN(C)P(N(C)C)(N(C)C)=NP(N(C)C)(N(C)C)=NCC,CC(C)C1=CC(C(C)C)=CC(C(C)C)=C1C2=C(P(C3CCCCC3)C4CCCCC4)C=CC=C2,FC(F)(F)c1ccc(I)cc1,Cc1onc(c1)n2cccc2,Cc1ccc(Nc2ccc(C(F)(F)F)cc2)cc1,41.0055284,a19,s3,P2Et,XPhos,0,0,1,0,0,0,0,1,1,0,0,1,0,0,0,0,0,0,0,0,0,0,0,0,0,0,0,0,0,0,0,0,0,1,0
2987,CN(C)/C(N(C)C)=N\C(C)(C)C,CC(C)C1=CC(C(C)C)=CC(C(C)C)=C1C2=C(P(C3CCCCC3)C4CCCCC4)C=CC=C2,FC(F)(F)c1ccc(I)cc1,Cc1onc(c1)n2cccc2,Cc1ccc(Nc2ccc(C(F)(F)F)cc2)cc1,34.52065187,a19,s3,BTMG,XPhos,0,0,1,0,0,0,0,1,0,1,0,1,0,0,0,0,0,0,0,0,0,0,0,0,0,0,0,0,0,0,0,0,0,1,0
3002,CN1CCCN2CCCN=C12,CC(C)C1=CC(C(C)C)=CC(C(C)C)=C1C2=C(P(C3CCCCC3)C4CCCCC4)C=CC=C2,FC(F)(F)c1ccc(I)cc1,Cc1onc(c1)n2cccc2,Cc1ccc(Nc2ccc(C(F)(F)F)cc2)cc1,38.74519603,a19,s3,MTBD,XPhos,0,0,1,0,0,0,0,1,0,0,1,1,0,0,0,0,0,0,0,0,0,0,0,0,0,0,0,0,0,0,0,0,0,1,0
3017,CN(C)P(N(C)C)(N(C)C)=NP(N(C)C)(N(C)C)=NCC,CC(C)C1=CC(C(C)C)=CC(C(C)C)=C1C2=C(P(C3CCCCC3)C4CCCCC4)C=CC=C2,FC(F)(F)c1ccc(I)cc1,COC(=O)c1cc(on1)c2sccc2,Cc1ccc(Nc2ccc(C(F)(F)F)cc2)cc1,32.03839032,a20,s3,P2Et,XPhos,0,0,1,0,0,0,0,1,1,0,0,1,0,0,0,0,0,0,0,0,0,0,0,0,0,0,0,0,0,0,0,0,0,0,1
3032,CN(C)/C(N(C)C)=N\C(C)(C)C,CC(C)C1=CC(C(C)C)=CC(C(C)C)=C1C2=C(P(C3CCCCC3)C4CCCCC4)C=CC=C2,FC(F)(F)c1ccc(I)cc1,COC(=O)c1cc(on1)c2sccc2,Cc1ccc(Nc2ccc(C(F)(F)F)cc2)cc1,23.69345333,a20,s3,BTMG,XPhos,0,0,1,0,0,0,0,1,0,1,0,1,0,0,0,0,0,0,0,0,0,0,0,0,0,0,0,0,0,0,0,0,0,0,1
3047,CN1CCCN2CCCN=C12,CC(C)C1=CC(C(C)C)=CC(C(C)C)=C1C2=C(P(C3CCCCC3)C4CCCCC4)C=CC=C2,FC(F)(F)c1ccc(I)cc1,COC(=O)c1cc(on1)c2sccc2,Cc1ccc(Nc2ccc(C(F)(F)F)cc2)cc1,36.25454831,a20,s3,MTBD,XPhos,0,0,1,0,0,0,0,1,0,0,1,1,0,0,0,0,0,0,0,0,0,0,0,0,0,0,0,0,0,0,0,0,0,0,1
3062,CN(C)P(N(C)C)(N(C)C)=NP(N(C)C)(N(C)C)=NCC,CC(C)C(C=C(C(C)C)C=C1C(C)C)=C1C2=CC=CC=C2P(C(C)(C)C)C(C)(C)C,FC(F)(F)c1ccc(I)cc1,Fc1cccc(F)c1c2oncc2,Cc1ccc(Nc2ccc(C(F)(F)F)cc2)cc1,16.24533971,a17,s3,P2Et,tBuXPhos,0,0,1,0,0,0,0,1,1,0,0,0,1,0,0,0,0,0,0,0,0,0,0,0,0,0,0,0,0,0,0,1,0,0,0
3077,CN(C)/C(N(C)C)=N\C(C)(C)C,CC(C)C(C=C(C(C)C)C=C1C(C)C)=C1C2=CC=CC=C2P(C(C)(C)C)C(C)(C)C,FC(F)(F)c1ccc(I)cc1,Fc1cccc(F)c1c2oncc2,Cc1ccc(Nc2ccc(C(F)(F)F)cc2)cc1,35.39709887,a17,s3,BTMG,tBuXPhos,0,0,1,0,0,0,0,1,0,1,0,0,1,0,0,0,0,0,0,0,0,0,0,0,0,0,0,0,0,0,0,1,0,0,0
3092,CN1CCCN2CCCN=C12,CC(C)C(C=C(C(C)C)C=C1C(C)C)=C1C2=CC=CC=C2P(C(C)(C)C)C(C)(C)C,FC(F)(F)c1ccc(I)cc1,Fc1cccc(F)c1c2oncc2,Cc1ccc(Nc2ccc(C(F)(F)F)cc2)cc1,46.24961136,a17,s3,MTBD,tBuXPhos,0,0,1,0,0,0,0,1,0,0,1,0,1,0,0,0,0,0,0,0,0,0,0,0,0,0,0,0,0,0,0,1,0,0,0
3107,CN(C)P(N(C)C)(N(C)C)=NP(N(C)C)(N(C)C)=NCC,CC(C)C(C=C(C(C)C)C=C1C(C)C)=C1C2=CC=CC=C2P(C(C)(C)C)C(C)(C)C,FC(F)(F)c1ccc(I)cc1,C(N(Cc1ccccc1)c2oncc2)c3ccccc3,Cc1ccc(Nc2ccc(C(F)(F)F)cc2)cc1,11.56918225,a18,s3,P2Et,tBuXPhos,0,0,1,0,0,0,0,1,1,0,0,0,1,0,0,0,0,0,0,0,0,0,0,0,0,0,0,0,0,0,0,0,1,0,0
3122,CN(C)/C(N(C)C)=N\C(C)(C)C,CC(C)C(C=C(C(C)C)C=C1C(C)C)=C1C2=CC=CC=C2P(C(C)(C)C)C(C)(C)C,FC(F)(F)c1ccc(I)cc1,C(N(Cc1ccccc1)c2oncc2)c3ccccc3,Cc1ccc(Nc2ccc(C(F)(F)F)cc2)cc1,34.91039433,a18,s3,BTMG,tBuXPhos,0,0,1,0,0,0,0,1,0,1,0,0,1,0,0,0,0,0,0,0,0,0,0,0,0,0,0,0,0,0,0,0,1,0,0
3137,CN1CCCN2CCCN=C12,CC(C)C(C=C(C(C)C)C=C1C(C)C)=C1C2=CC=CC=C2P(C(C)(C)C)C(C)(C)C,FC(F)(F)c1ccc(I)cc1,C(N(Cc1ccccc1)c2oncc2)c3ccccc3,Cc1ccc(Nc2ccc(C(F)(F)F)cc2)cc1,39.35756061,a18,s3,MTBD,tBuXPhos,0,0,1,0,0,0,0,1,0,0,1,0,1,0,0,0,0,0,0,0,0,0,0,0,0,0,0,0,0,0,0,0,1,0,0
3152,CN(C)P(N(C)C)(N(C)C)=NP(N(C)C)(N(C)C)=NCC,CC(C)C(C=C(C(C)C)C=C1C(C)C)=C1C2=CC=CC=C2P(C(C)(C)C)C(C)(C)C,FC(F)(F)c1ccc(I)cc1,Cc1onc(c1)n2cccc2,Cc1ccc(Nc2ccc(C(F)(F)F)cc2)cc1,36.80129147,a19,s3,P2Et,tBuXPhos,0,0,1,0,0,0,0,1,1,0,0,0,1,0,0,0,0,0,0,0,0,0,0,0,0,0,0,0,0,0,0,0,0,1,0
3167,CN(C)/C(N(C)C)=N\C(C)(C)C,CC(C)C(C=C(C(C)C)C=C1C(C)C)=C1C2=CC=CC=C2P(C(C)(C)C)C(C)(C)C,FC(F)(F)c1ccc(I)cc1,Cc1onc(c1)n2cccc2,Cc1ccc(Nc2ccc(C(F)(F)F)cc2)cc1,39.909465,a19,s3,BTMG,tBuXPhos,0,0,1,0,0,0,0,1,0,1,0,0,1,0,0,0,0,0,0,0,0,0,0,0,0,0,0,0,0,0,0,0,0,1,0
3182,CN1CCCN2CCCN=C12,CC(C)C(C=C(C(C)C)C=C1C(C)C)=C1C2=CC=CC=C2P(C(C)(C)C)C(C)(C)C,FC(F)(F)c1ccc(I)cc1,Cc1onc(c1)n2cccc2,Cc1ccc(Nc2ccc(C(F)(F)F)cc2)cc1,41.26140824,a19,s3,MTBD,tBuXPhos,0,0,1,0,0,0,0,1,0,0,1,0,1,0,0,0,0,0,0,0,0,0,0,0,0,0,0,0,0,0,0,0,0,1,0
3197,CN(C)P(N(C)C)(N(C)C)=NP(N(C)C)(N(C)C)=NCC,CC(C)C(C=C(C(C)C)C=C1C(C)C)=C1C2=CC=CC=C2P(C(C)(C)C)C(C)(C)C,FC(F)(F)c1ccc(I)cc1,COC(=O)c1cc(on1)c2sccc2,Cc1ccc(Nc2ccc(C(F)(F)F)cc2)cc1,38.16592165,a20,s3,P2Et,tBuXPhos,0,0,1,0,0,0,0,1,1,0,0,0,1,0,0,0,0,0,0,0,0,0,0,0,0,0,0,0,0,0,0,0,0,0,1
3212,CN(C)/C(N(C)C)=N\C(C)(C)C,CC(C)C(C=C(C(C)C)C=C1C(C)C)=C1C2=CC=CC=C2P(C(C)(C)C)C(C)(C)C,FC(F)(F)c1ccc(I)cc1,COC(=O)c1cc(on1)c2sccc2,Cc1ccc(Nc2ccc(C(F)(F)F)cc2)cc1,37.37794419,a20,s3,BTMG,tBuXPhos,0,0,1,0,0,0,0,1,0,1,0,0,1,0,0,0,0,0,0,0,0,0,0,0,0,0,0,0,0,0,0,0,0,0,1
3227,CN1CCCN2CCCN=C12,CC(C)C(C=C(C(C)C)C=C1C(C)C)=C1C2=CC=CC=C2P(C(C)(C)C)C(C)(C)C,FC(F)(F)c1ccc(I)cc1,COC(=O)c1cc(on1)c2sccc2,Cc1ccc(Nc2ccc(C(F)(F)F)cc2)cc1,43.82916168,a20,s3,MTBD,tBuXPhos,0,0,1,0,0,0,0,1,0,0,1,0,1,0,0,0,0,0,0,0,0,0,0,0,0,0,0,0,0,0,0,0,0,0,1
3242,CN(C)P(N(C)C)(N(C)C)=NP(N(C)C)(N(C)C)=NCC,CC(C)C1=CC(C(C)C)=CC(C(C)C)=C1C2=C(P(C(C)(C)C)C(C)(C)C)C(OC)=CC=C2OC,FC(F)(F)c1ccc(I)cc1,Fc1cccc(F)c1c2oncc2,Cc1ccc(Nc2ccc(C(F)(F)F)cc2)cc1,12.79513925,a17,s3,P2Et,tBuBrettPhos,0,0,1,0,0,0,0,1,1,0,0,0,0,1,0,0,0,0,0,0,0,0,0,0,0,0,0,0,0,0,0,1,0,0,0
3257,CN(C)/C(N(C)C)=N\C(C)(C)C,CC(C)C1=CC(C(C)C)=CC(C(C)C)=C1C2=C(P(C(C)(C)C)C(C)(C)C)C(OC)=CC=C2OC,FC(F)(F)c1ccc(I)cc1,Fc1cccc(F)c1c2oncc2,Cc1ccc(Nc2ccc(C(F)(F)F)cc2)cc1,33.6420654,a17,s3,BTMG,tBuBrettPhos,0,0,1,0,0,0,0,1,0,1,0,0,0,1,0,0,0,0,0,0,0,0,0,0,0,0,0,0,0,0,0,1,0,0,0
3272,CN1CCCN2CCCN=C12,CC(C)C1=CC(C(C)C)=CC(C(C)C)=C1C2=C(P(C(C)(C)C)C(C)(C)C)C(OC)=CC=C2OC,FC(F)(F)c1ccc(I)cc1,Fc1cccc(F)c1c2oncc2,Cc1ccc(Nc2ccc(C(F)(F)F)cc2)cc1,43.31119655,a17,s3,MTBD,tBuBrettPhos,0,0,1,0,0,0,0,1,0,0,1,0,0,1,0,0,0,0,0,0,0,0,0,0,0,0,0,0,0,0,0,1,0,0,0
3287,CN(C)P(N(C)C)(N(C)C)=NP(N(C)C)(N(C)C)=NCC,CC(C)C1=CC(C(C)C)=CC(C(C)C)=C1C2=C(P(C(C)(C)C)C(C)(C)C)C(OC)=CC=C2OC,FC(F)(F)c1ccc(I)cc1,C(N(Cc1ccccc1)c2oncc2)c3ccccc3,Cc1ccc(Nc2ccc(C(F)(F)F)cc2)cc1,34.70800352,a18,s3,P2Et,tBuBrettPhos,0,0,1,0,0,0,0,1,1,0,0,0,0,1,0,0,0,0,0,0,0,0,0,0,0,0,0,0,0,0,0,0,1,0,0
3302,CN(C)/C(N(C)C)=N\C(C)(C)C,CC(C)C1=CC(C(C)C)=CC(C(C)C)=C1C2=C(P(C(C)(C)C)C(C)(C)C)C(OC)=CC=C2OC,FC(F)(F)c1ccc(I)cc1,C(N(Cc1ccccc1)c2oncc2)c3ccccc3,Cc1ccc(Nc2ccc(C(F)(F)F)cc2)cc1,38.18576353,a18,s3,BTMG,tBuBrettPhos,0,0,1,0,0,0,0,1,0,1,0,0,0,1,0,0,0,0,0,0,0,0,0,0,0,0,0,0,0,0,0,0,1,0,0
3317,CN1CCCN2CCCN=C12,CC(C)C1=CC(C(C)C)=CC(C(C)C)=C1C2=C(P(C(C)(C)C)C(C)(C)C)C(OC)=CC=C2OC,FC(F)(F)c1ccc(I)cc1,C(N(Cc1ccccc1)c2oncc2)c3ccccc3,Cc1ccc(Nc2ccc(C(F)(F)F)cc2)cc1,41.17290032,a18,s3,MTBD,tBuBrettPhos,0,0,1,0,0,0,0,1,0,0,1,0,0,1,0,0,0,0,0,0,0,0,0,0,0,0,0,0,0,0,0,0,1,0,0
3332,CN(C)P(N(C)C)(N(C)C)=NP(N(C)C)(N(C)C)=NCC,CC(C)C1=CC(C(C)C)=CC(C(C)C)=C1C2=C(P(C(C)(C)C)C(C)(C)C)C(OC)=CC=C2OC,FC(F)(F)c1ccc(I)cc1,Cc1onc(c1)n2cccc2,Cc1ccc(Nc2ccc(C(F)(F)F)cc2)cc1,31.2993075,a19,s3,P2Et,tBuBrettPhos,0,0,1,0,0,0,0,1,1,0,0,0,0,1,0,0,0,0,0,0,0,0,0,0,0,0,0,0,0,0,0,0,0,1,0
3347,CN(C)/C(N(C)C)=N\C(C)(C)C,CC(C)C1=CC(C(C)C)=CC(C(C)C)=C1C2=C(P(C(C)(C)C)C(C)(C)C)C(OC)=CC=C2OC,FC(F)(F)c1ccc(I)cc1,Cc1onc(c1)n2cccc2,Cc1ccc(Nc2ccc(C(F)(F)F)cc2)cc1,36.4250561,a19,s3,BTMG,tBuBrettPhos,0,0,1,0,0,0,0,1,0,1,0,0,0,1,0,0,0,0,0,0,0,0,0,0,0,0,0,0,0,0,0,0,0,1,0
3362,CN1CCCN2CCCN=C12,CC(C)C1=CC(C(C)C)=CC(C(C)C)=C1C2=C(P(C(C)(C)C)C(C)(C)C)C(OC)=CC=C2OC,FC(F)(F)c1ccc(I)cc1,Cc1onc(c1)n2cccc2,Cc1ccc(Nc2ccc(C(F)(F)F)cc2)cc1,41.63261266,a19,s3,MTBD,tBuBrettPhos,0,0,1,0,0,0,0,1,0,0,1,0,0,1,0,0,0,0,0,0,0,0,0,0,0,0,0,0,0,0,0,0,0,1,0
3377,CN(C)P(N(C)C)(N(C)C)=NP(N(C)C)(N(C)C)=NCC,CC(C)C1=CC(C(C)C)=CC(C(C)C)=C1C2=C(P(C(C)(C)C)C(C)(C)C)C(OC)=CC=C2OC,FC(F)(F)c1ccc(I)cc1,COC(=O)c1cc(on1)c2sccc2,Cc1ccc(Nc2ccc(C(F)(F)F)cc2)cc1,32.35958784,a20,s3,P2Et,tBuBrettPhos,0,0,1,0,0,0,0,1,1,0,0,0,0,1,0,0,0,0,0,0,0,0,0,0,0,0,0,0,0,0,0,0,0,0,1
3392,CN(C)/C(N(C)C)=N\C(C)(C)C,CC(C)C1=CC(C(C)C)=CC(C(C)C)=C1C2=C(P(C(C)(C)C)C(C)(C)C)C(OC)=CC=C2OC,FC(F)(F)c1ccc(I)cc1,COC(=O)c1cc(on1)c2sccc2,Cc1ccc(Nc2ccc(C(F)(F)F)cc2)cc1,37.47062049,a20,s3,BTMG,tBuBrettPhos,0,0,1,0,0,0,0,1,0,1,0,0,0,1,0,0,0,0,0,0,0,0,0,0,0,0,0,0,0,0,0,0,0,0,1
3407,CN1CCCN2CCCN=C12,CC(C)C1=CC(C(C)C)=CC(C(C)C)=C1C2=C(P(C(C)(C)C)C(C)(C)C)C(OC)=CC=C2OC,FC(F)(F)c1ccc(I)cc1,COC(=O)c1cc(on1)c2sccc2,Cc1ccc(Nc2ccc(C(F)(F)F)cc2)cc1,45.15638688,a20,s3,MTBD,tBuBrettPhos,0,0,1,0,0,0,0,1,0,0,1,0,0,1,0,0,0,0,0,0,0,0,0,0,0,0,0,0,0,0,0,0,0,0,1
3422,CN(C)P(N(C)C)(N(C)C)=NP(N(C)C)(N(C)C)=NCC,CC(C1=C(C2=C(OC)C=CC(OC)=C2P(C34CC5CC(C4)CC(C5)C3)C67CC8CC(C7)CC(C8)C6)C(C(C)C)=CC(C(C)C)=C1)C,FC(F)(F)c1ccc(I)cc1,Fc1cccc(F)c1c2oncc2,Cc1ccc(Nc2ccc(C(F)(F)F)cc2)cc1,10.78771766,a17,s3,P2Et,AdBrettPhos,0,0,1,0,0,0,0,1,1,0,0,0,0,0,1,0,0,0,0,0,0,0,0,0,0,0,0,0,0,0,0,1,0,0,0
3437,CN(C)/C(N(C)C)=N\C(C)(C)C,CC(C1=C(C2=C(OC)C=CC(OC)=C2P(C34CC5CC(C4)CC(C5)C3)C67CC8CC(C7)CC(C8)C6)C(C(C)C)=CC(C(C)C)=C1)C,FC(F)(F)c1ccc(I)cc1,Fc1cccc(F)c1c2oncc2,Cc1ccc(Nc2ccc(C(F)(F)F)cc2)cc1,34.181383399999994,a17,s3,BTMG,AdBrettPhos,0,0,1,0,0,0,0,1,0,1,0,0,0,0,1,0,0,0,0,0,0,0,0,0,0,0,0,0,0,0,0,1,0,0,0
3452,CN1CCCN2CCCN=C12,CC(C1=C(C2=C(OC)C=CC(OC)=C2P(C34CC5CC(C4)CC(C5)C3)C67CC8CC(C7)CC(C8)C6)C(C(C)C)=CC(C(C)C)=C1)C,FC(F)(F)c1ccc(I)cc1,Fc1cccc(F)c1c2oncc2,Cc1ccc(Nc2ccc(C(F)(F)F)cc2)cc1,47.10591975,a17,s3,MTBD,AdBrettPhos,0,0,1,0,0,0,0,1,0,0,1,0,0,0,1,0,0,0,0,0,0,0,0,0,0,0,0,0,0,0,0,1,0,0,0
3467,CN(C)P(N(C)C)(N(C)C)=NP(N(C)C)(N(C)C)=NCC,CC(C1=C(C2=C(OC)C=CC(OC)=C2P(C34CC5CC(C4)CC(C5)C3)C67CC8CC(C7)CC(C8)C6)C(C(C)C)=CC(C(C)C)=C1)C,FC(F)(F)c1ccc(I)cc1,C(N(Cc1ccccc1)c2oncc2)c3ccccc3,Cc1ccc(Nc2ccc(C(F)(F)F)cc2)cc1,28.85136629,a18,s3,P2Et,AdBrettPhos,0,0,1,0,0,0,0,1,1,0,0,0,0,0,1,0,0,0,0,0,0,0,0,0,0,0,0,0,0,0,0,0,1,0,0
3482,CN(C)/C(N(C)C)=N\C(C)(C)C,CC(C1=C(C2=C(OC)C=CC(OC)=C2P(C34CC5CC(C4)CC(C5)C3)C67CC8CC(C7)CC(C8)C6)C(C(C)C)=CC(C(C)C)=C1)C,FC(F)(F)c1ccc(I)cc1,C(N(Cc1ccccc1)c2oncc2)c3ccccc3,Cc1ccc(Nc2ccc(C(F)(F)F)cc2)cc1,36.14852387,a18,s3,BTMG,AdBrettPhos,0,0,1,0,0,0,0,1,0,1,0,0,0,0,1,0,0,0,0,0,0,0,0,0,0,0,0,0,0,0,0,0,1,0,0
3497,CN1CCCN2CCCN=C12,CC(C1=C(C2=C(OC)C=CC(OC)=C2P(C34CC5CC(C4)CC(C5)C3)C67CC8CC(C7)CC(C8)C6)C(C(C)C)=CC(C(C)C)=C1)C,FC(F)(F)c1ccc(I)cc1,C(N(Cc1ccccc1)c2oncc2)c3ccccc3,Cc1ccc(Nc2ccc(C(F)(F)F)cc2)cc1,41.60266431,a18,s3,MTBD,AdBrettPhos,0,0,1,0,0,0,0,1,0,0,1,0,0,0,1,0,0,0,0,0,0,0,0,0,0,0,0,0,0,0,0,0,1,0,0
3512,CN(C)P(N(C)C)(N(C)C)=NP(N(C)C)(N(C)C)=NCC,CC(C1=C(C2=C(OC)C=CC(OC)=C2P(C34CC5CC(C4)CC(C5)C3)C67CC8CC(C7)CC(C8)C6)C(C(C)C)=CC(C(C)C)=C1)C,FC(F)(F)c1ccc(I)cc1,Cc1onc(c1)n2cccc2,Cc1ccc(Nc2ccc(C(F)(F)F)cc2)cc1,29.76126623,a19,s3,P2Et,AdBrettPhos,0,0,1,0,0,0,0,1,1,0,0,0,0,0,1,0,0,0,0,0,0,0,0,0,0,0,0,0,0,0,0,0,0,1,0
3527,CN(C)/C(N(C)C)=N\C(C)(C)C,CC(C1=C(C2=C(OC)C=CC(OC)=C2P(C34CC5CC(C4)CC(C5)C3)C67CC8CC(C7)CC(C8)C6)C(C(C)C)=CC(C(C)C)=C1)C,FC(F)(F)c1ccc(I)cc1,Cc1onc(c1)n2cccc2,Cc1ccc(Nc2ccc(C(F)(F)F)cc2)cc1,36.96535355,a19,s3,BTMG,AdBrettPhos,0,0,1,0,0,0,0,1,0,1,0,0,0,0,1,0,0,0,0,0,0,0,0,0,0,0,0,0,0,0,0,0,0,1,0
3542,CN1CCCN2CCCN=C12,CC(C1=C(C2=C(OC)C=CC(OC)=C2P(C34CC5CC(C4)CC(C5)C3)C67CC8CC(C7)CC(C8)C6)C(C(C)C)=CC(C(C)C)=C1)C,FC(F)(F)c1ccc(I)cc1,Cc1onc(c1)n2cccc2,Cc1ccc(Nc2ccc(C(F)(F)F)cc2)cc1,43.02832469,a19,s3,MTBD,AdBrettPhos,0,0,1,0,0,0,0,1,0,0,1,0,0,0,1,0,0,0,0,0,0,0,0,0,0,0,0,0,0,0,0,0,0,1,0
3557,CN(C)P(N(C)C)(N(C)C)=NP(N(C)C)(N(C)C)=NCC,CC(C1=C(C2=C(OC)C=CC(OC)=C2P(C34CC5CC(C4)CC(C5)C3)C67CC8CC(C7)CC(C8)C6)C(C(C)C)=CC(C(C)C)=C1)C,FC(F)(F)c1ccc(I)cc1,COC(=O)c1cc(on1)c2sccc2,Cc1ccc(Nc2ccc(C(F)(F)F)cc2)cc1,27.25583167,a20,s3,P2Et,AdBrettPhos,0,0,1,0,0,0,0,1,1,0,0,0,0,0,1,0,0,0,0,0,0,0,0,0,0,0,0,0,0,0,0,0,0,0,1
3572,CN(C)/C(N(C)C)=N\C(C)(C)C,CC(C1=C(C2=C(OC)C=CC(OC)=C2P(C34CC5CC(C4)CC(C5)C3)C67CC8CC(C7)CC(C8)C6)C(C(C)C)=CC(C(C)C)=C1)C,FC(F)(F)c1ccc(I)cc1,COC(=O)c1cc(on1)c2sccc2,Cc1ccc(Nc2ccc(C(F)(F)F)cc2)cc1,33.74215602,a20,s3,BTMG,AdBrettPhos,0,0,1,0,0,0,0,1,0,1,0,0,0,0,1,0,0,0,0,0,0,0,0,0,0,0,0,0,0,0,0,0,0,0,1
3587,CN1CCCN2CCCN=C12,CC(C1=C(C2=C(OC)C=CC(OC)=C2P(C34CC5CC(C4)CC(C5)C3)C67CC8CC(C7)CC(C8)C6)C(C(C)C)=CC(C(C)C)=C1)C,FC(F)(F)c1ccc(I)cc1,COC(=O)c1cc(on1)c2sccc2,Cc1ccc(Nc2ccc(C(F)(F)F)cc2)cc1,40.24019595,a20,s3,MTBD,AdBrettPhos,0,0,1,0,0,0,0,1,0,0,1,0,0,0,1,0,0,0,0,0,0,0,0,0,0,0,0,0,0,0,0,0,0,0,1
