,base_smiles,ligand_smiles,substrate_smiles,additive_smiles,product_smiles,yield,additive_id,substrate_id,base_name,ligand_name,
1041,CN(C)P(N(C)C)(N(C)C)=NP(N(C)C)(N(C)C)=NCC,CC(C)C(C=C(C(C)C)C=C1C(C)C)=C1C2=CC=CC=C2P(C(C)(C)C)C(C)(C)C,CCc1ccc(Cl)cc1,COC(=O)c1oncc1,CCc1ccc(Nc2ccc(C)cc2)cc1,4.278834497,a8,s7,P2Et,tBuXPhos,
1956,CN(C)/C(N(C)C)=N\C(C)(C)C,CC(C)C1=CC(C(C)C)=CC(C(C)C)=C1C2=C(P(C(C)(C)C)C(C)(C)C)C(OC)=CC=C2OC,CCc1ccc(Cl)cc1,o1ncc2ccccc12,CCc1ccc(Nc2ccc(C)cc2)cc1,9.58087319,a12,s7,BTMG,tBuBrettPhos,
1611,CN1CCCN2CCCN=C12,CC(C)C1=CC(C(C)C)=CC(C(C)C)=C1C2=C(P(C3CCCCC3)C4CCCCC4)C=CC=C2,CCc1ccc(Cl)cc1,o1ncc2ccccc12,CCc1ccc(Nc2ccc(C)cc2)cc1,5.163801227,a12,s7,MTBD,XPhos,
1146,CN(C)/C(N(C)C)=N\C(C)(C)C,CC(C)C1=CC(C(C)C)=CC(C(C)C)=C1C2=C(P(C(C)(C)C)C(C)(C)C)C(OC)=CC=C2OC,CCc1ccc(Cl)cc1,o1cc2ccccc2n1,CCc1ccc(Nc2ccc(C)cc2)cc1,3.549284452,a6,s7,BTMG,tBuBrettPhos,
1941,CN(C)P(N(C)C)(N(C)C)=NP(N(C)C)(N(C)C)=NCC,CC(C)C1=CC(C(C)C)=CC(C(C)C)=C1C2=C(P(C(C)(C)C)C(C)(C)C)C(OC)=CC=C2OC,CCc1ccc(Cl)cc1,o1ncc2ccccc12,CCc1ccc(Nc2ccc(C)cc2)cc1,9.228754169,a12,s7,P2Et,tBuBrettPhos,
3306,CN(C)/C(N(C)C)=N\C(C)(C)C,CC(C)C1=CC(C(C)C)=CC(C(C)C)=C1C2=C(P(C(C)(C)C)C(C)(C)C)C(OC)=CC=C2OC,CCc1ccc(Cl)cc1,C(N(Cc1ccccc1)c2oncc2)c3ccccc3,CCc1ccc(Nc2ccc(C)cc2)cc1,6.312401384,a18,s7,BTMG,tBuBrettPhos,
246,CN(C)/C(N(C)C)=N\C(C)(C)C,CC(C)C(C=C(C(C)C)C=C1C(C)C)=C1C2=CC=CC=C2P(C(C)(C)C)C(C)(C)C,CCc1ccc(Cl)cc1,o1nccc1c2ccccc2,CCc1ccc(Nc2ccc(C)cc2)cc1,2.599454304,a2,s7,BTMG,tBuXPhos,
2451,CN(C)/C(N(C)C)=N\C(C)(C)C,CC(C)C(C=C(C(C)C)C=C1C(C)C)=C1C2=CC=CC=C2P(C(C)(C)C)C(C)(C)C,CCc1ccc(Cl)cc1,C(N(Cc1ccccc1)c2ccon2)c3ccccc3,CCc1ccc(Nc2ccc(C)cc2)cc1,5.06261629,a15,s7,BTMG,tBuXPhos,
2121,CN(C)P(N(C)C)(N(C)C)=NP(N(C)C)(N(C)C)=NCC,CC(C1=C(C2=C(OC)C=CC(OC)=C2P(C34CC5CC(C4)CC(C5)C3)C67CC8CC(C7)CC(C8)C6)C(C(C)C)=CC(C(C)C)=C1)C,CCc1ccc(Cl)cc1,o1ncc2ccccc12,CCc1ccc(Nc2ccc(C)cc2)cc1,1.999177844,a12,s7,P2Et,AdBrettPhos,
2856,CN(C)/C(N(C)C)=N\C(C)(C)C,CC(C1=C(C2=C(OC)C=CC(OC)=C2P(C34CC5CC(C4)CC(C5)C3)C67CC8CC(C7)CC(C8)C6)C(C(C)C)=CC(C(C)C)=C1)C,CCc1ccc(Cl)cc1,COC(=O)c1cc(on1)c2occc2,CCc1ccc(Nc2ccc(C)cc2)cc1,0.489724505,a16,s7,BTMG,AdBrettPhos,
3336,CN(C)P(N(C)C)(N(C)C)=NP(N(C)C)(N(C)C)=NCC,CC(C)C1=CC(C(C)C)=CC(C(C)C)=C1C2=C(P(C(C)(C)C)C(C)(C)C)C(OC)=CC=C2OC,CCc1ccc(Cl)cc1,Cc1onc(c1)n2cccc2,CCc1ccc(Nc2ccc(C)cc2)cc1,9.993569506,a19,s7,P2Et,tBuBrettPhos,
666,CN1CCCN2CCCN=C12,CC(C1=C(C2=C(OC)C=CC(OC)=C2P(C34CC5CC(C4)CC(C5)C3)C67CC8CC(C7)CC(C8)C6)C(C(C)C)=CC(C(C)C)=C1)C,CCc1ccc(Cl)cc1,CCOC(=O)c1onc(C)c1,CCc1ccc(Nc2ccc(C)cc2)cc1,0.544984175,a3,s7,MTBD,AdBrettPhos,
3531,CN(C)/C(N(C)C)=N\C(C)(C)C,CC(C1=C(C2=C(OC)C=CC(OC)=C2P(C34CC5CC(C4)CC(C5)C3)C67CC8CC(C7)CC(C8)C6)C(C(C)C)=CC(C(C)C)=C1)C,CCc1ccc(Cl)cc1,Cc1onc(c1)n2cccc2,CCc1ccc(Nc2ccc(C)cc2)cc1,1.666950752,a19,s7,BTMG,AdBrettPhos,
3351,CN(C)/C(N(C)C)=N\C(C)(C)C,CC(C)C1=CC(C(C)C)=CC(C(C)C)=C1C2=C(P(C(C)(C)C)C(C)(C)C)C(OC)=CC=C2OC,CCc1ccc(Cl)cc1,Cc1onc(c1)n2cccc2,CCc1ccc(Nc2ccc(C)cc2)cc1,8.955312407,a19,s7,BTMG,tBuBrettPhos,
1746,CN1CCCN2CCCN=C12,CC(C)C(C=C(C(C)C)C=C1C(C)C)=C1C2=CC=CC=C2P(C(C)(C)C)C(C)(C)C,CCc1ccc(Cl)cc1,CCOC(=O)c1conc1,CCc1ccc(Nc2ccc(C)cc2)cc1,14.32160153,a11,s7,MTBD,tBuXPhos,
2166,CN(C)P(N(C)C)(N(C)C)=NP(N(C)C)(N(C)C)=NCC,CC(C)C1=CC(C(C)C)=CC(C(C)C)=C1C2=C(P(C3CCCCC3)C4CCCCC4)C=CC=C2,CCc1ccc(Cl)cc1,CCOC(=O)c1onc(OC)c1,CCc1ccc(Nc2ccc(C)cc2)cc1,7.676008537,a13,s7,P2Et,XPhos,
2601,CN1CCCN2CCCN=C12,CC(C)C1=CC(C(C)C)=CC(C(C)C)=C1C2=C(P(C(C)(C)C)C(C)(C)C)C(OC)=CC=C2OC,CCc1ccc(Cl)cc1,Cc1cc(on1)c2ccccc2,CCc1ccc(Nc2ccc(C)cc2)cc1,4.961974313,a14,s7,MTBD,tBuBrettPhos,
2031,CN(C)P(N(C)C)(N(C)C)=NP(N(C)C)(N(C)C)=NCC,CC(C1=C(C2=C(OC)C=CC(OC)=C2P(C34CC5CC(C4)CC(C5)C3)C67CC8CC(C7)CC(C8)C6)C(C(C)C)=CC(C(C)C)=C1)C,CCc1ccc(Cl)cc1,CCOC(=O)c1cnoc1C,CCc1ccc(Nc2ccc(C)cc2)cc1,1.582170389,a10,s7,P2Et,AdBrettPhos,
1491,CN(C)P(N(C)C)(N(C)C)=NP(N(C)C)(N(C)C)=NCC,CC(C)C1=CC(C(C)C)=CC(C(C)C)=C1C2=C(P(C3CCCCC3)C4CCCCC4)C=CC=C2,CCc1ccc(Cl)cc1,CCOC(=O)c1cnoc1C,CCc1ccc(Nc2ccc(C)cc2)cc1,14.86219247,a10,s7,P2Et,XPhos,
1791,CN1CCCN2CCCN=C12,CC(C)C(C=C(C(C)C)C=C1C(C)C)=C1C2=CC=CC=C2P(C(C)(C)C)C(C)(C)C,CCc1ccc(Cl)cc1,o1ncc2ccccc12,CCc1ccc(Nc2ccc(C)cc2)cc1,11.31698923,a12,s7,MTBD,tBuXPhos,
3591,CN1CCCN2CCCN=C12,CC(C1=C(C2=C(OC)C=CC(OC)=C2P(C34CC5CC(C4)CC(C5)C3)C67CC8CC(C7)CC(C8)C6)C(C(C)C)=CC(C(C)C)=C1)C,CCc1ccc(Cl)cc1,COC(=O)c1cc(on1)c2sccc2,CCc1ccc(Nc2ccc(C)cc2)cc1,0.553317014,a20,s7,MTBD,AdBrettPhos,
741,CN(C)/C(N(C)C)=N\C(C)(C)C,CC(C)C1=CC(C(C)C)=CC(C(C)C)=C1C2=C(P(C3CCCCC3)C4CCCCC4)C=CC=C2,CCc1ccc(Cl)cc1,Cc1oncc1,CCc1ccc(Nc2ccc(C)cc2)cc1,3.045865819,a5,s7,BTMG,XPhos,
1581,CN(C)P(N(C)C)(N(C)C)=NP(N(C)C)(N(C)C)=NCC,CC(C)C1=CC(C(C)C)=CC(C(C)C)=C1C2=C(P(C3CCCCC3)C4CCCCC4)C=CC=C2,CCc1ccc(Cl)cc1,o1ncc2ccccc12,CCc1ccc(Nc2ccc(C)cc2)cc1,8.822068949,a12,s7,P2Et,XPhos,
1926,CN1CCCN2CCCN=C12,CC(C)C1=CC(C(C)C)=CC(C(C)C)=C1C2=C(P(C(C)(C)C)C(C)(C)C)C(OC)=CC=C2OC,CCc1ccc(Cl)cc1,CCOC(=O)c1conc1,CCc1ccc(Nc2ccc(C)cc2)cc1,13.65409275,a11,s7,MTBD,tBuBrettPhos,
1656,CN1CCCN2CCCN=C12,CC(C)C(C=C(C(C)C)C=C1C(C)C)=C1C2=CC=CC=C2P(C(C)(C)C)C(C)(C)C,CCc1ccc(Cl)cc1,CCOC(=O)c1ccon1,CCc1ccc(Nc2ccc(C)cc2)cc1,2.853941347,a9,s7,MTBD,tBuXPhos,
2841,CN(C)P(N(C)C)(N(C)C)=NP(N(C)C)(N(C)C)=NCC,CC(C1=C(C2=C(OC)C=CC(OC)=C2P(C34CC5CC(C4)CC(C5)C3)C67CC8CC(C7)CC(C8)C6)C(C(C)C)=CC(C(C)C)=C1)C,CCc1ccc(Cl)cc1,COC(=O)c1cc(on1)c2occc2,CCc1ccc(Nc2ccc(C)cc2)cc1,0,a16,s7,P2Et,AdBrettPhos,
1716,CN(C)P(N(C)C)(N(C)C)=NP(N(C)C)(N(C)C)=NCC,CC(C)C(C=C(C(C)C)C=C1C(C)C)=C1C2=CC=CC=C2P(C(C)(C)C)C(C)(C)C,CCc1ccc(Cl)cc1,CCOC(=O)c1conc1,CCc1ccc(Nc2ccc(C)cc2)cc1,0.400015161,a11,s7,P2Et,tBuXPhos,
1056,CN(C)/C(N(C)C)=N\C(C)(C)C,CC(C)C(C=C(C(C)C)C=C1C(C)C)=C1C2=CC=CC=C2P(C(C)(C)C)C(C)(C)C,CCc1ccc(Cl)cc1,COC(=O)c1oncc1,CCc1ccc(Nc2ccc(C)cc2)cc1,0.478819391,a8,s7,BTMG,tBuXPhos,
936,CN1CCCN2CCCN=C12,CC(C)C(C=C(C(C)C)C=C1C(C)C)=C1C2=CC=CC=C2P(C(C)(C)C)C(C)(C)C,CCc1ccc(Cl)cc1,Cc1oncc1,CCc1ccc(Nc2ccc(C)cc2)cc1,5.49871711,a5,s7,MTBD,tBuXPhos,
1671,CN(C)P(N(C)C)(N(C)C)=NP(N(C)C)(N(C)C)=NCC,CC(C)C(C=C(C(C)C)C=C1C(C)C)=C1C2=CC=CC=C2P(C(C)(C)C)C(C)(C)C,CCc1ccc(Cl)cc1,CCOC(=O)c1cnoc1C,CCc1ccc(Nc2ccc(C)cc2)cc1,4.57865157,a10,s7,P2Et,tBuXPhos,
2001,CN(C)/C(N(C)C)=N\C(C)(C)C,CC(C1=C(C2=C(OC)C=CC(OC)=C2P(C34CC5CC(C4)CC(C5)C3)C67CC8CC(C7)CC(C8)C6)C(C(C)C)=CC(C(C)C)=C1)C,CCc1ccc(Cl)cc1,CCOC(=O)c1ccon1,CCc1ccc(Nc2ccc(C)cc2)cc1,1.161532817,a9,s7,BTMG,AdBrettPhos,
816,CN(C)P(N(C)C)(N(C)C)=NP(N(C)C)(N(C)C)=NCC,CC(C)C1=CC(C(C)C)=CC(C(C)C)=C1C2=C(P(C3CCCCC3)C4CCCCC4)C=CC=C2,CCc1ccc(Cl)cc1,Cc1onc(C)c1,CCc1ccc(Nc2ccc(C)cc2)cc1,10.30004263,a7,s7,P2Et,XPhos,
2721,CN(C)/C(N(C)C)=N\C(C)(C)C,CC(C1=C(C2=C(OC)C=CC(OC)=C2P(C34CC5CC(C4)CC(C5)C3)C67CC8CC(C7)CC(C8)C6)C(C(C)C)=CC(C(C)C)=C1)C,CCc1ccc(Cl)cc1,CCOC(=O)c1onc(OC)c1,CCc1ccc(Nc2ccc(C)cc2)cc1,0.695599064,a13,s7,BTMG,AdBrettPhos,
2661,CN(C)P(N(C)C)(N(C)C)=NP(N(C)C)(N(C)C)=NCC,CC(C)C1=CC(C(C)C)=CC(C(C)C)=C1C2=C(P(C(C)(C)C)C(C)(C)C)C(OC)=CC=C2OC,CCc1ccc(Cl)cc1,COC(=O)c1cc(on1)c2occc2,CCc1ccc(Nc2ccc(C)cc2)cc1,4.950264204,a16,s7,P2Et,tBuBrettPhos,
3261,CN(C)/C(N(C)C)=N\C(C)(C)C,CC(C)C1=CC(C(C)C)=CC(C(C)C)=C1C2=C(P(C(C)(C)C)C(C)(C)C)C(OC)=CC=C2OC,CCc1ccc(Cl)cc1,Fc1cccc(F)c1c2oncc2,CCc1ccc(Nc2ccc(C)cc2)cc1,1.993041801,a17,s7,BTMG,tBuBrettPhos,
3186,CN1CCCN2CCCN=C12,CC(C)C(C=C(C(C)C)C=C1C(C)C)=C1C2=CC=CC=C2P(C(C)(C)C)C(C)(C)C,CCc1ccc(Cl)cc1,Cc1onc(c1)n2cccc2,CCc1ccc(Nc2ccc(C)cc2)cc1,3.524318044,a19,s7,MTBD,tBuXPhos,
2061,CN1CCCN2CCCN=C12,CC(C1=C(C2=C(OC)C=CC(OC)=C2P(C34CC5CC(C4)CC(C5)C3)C67CC8CC(C7)CC(C8)C6)C(C(C)C)=CC(C(C)C)=C1)C,CCc1ccc(Cl)cc1,CCOC(=O)c1cnoc1C,CCc1ccc(Nc2ccc(C)cc2)cc1,0.954745242,a10,s7,MTBD,AdBrettPhos,
2256,CN(C)P(N(C)C)(N(C)C)=NP(N(C)C)(N(C)C)=NCC,CC(C)C1=CC(C(C)C)=CC(C(C)C)=C1C2=C(P(C3CCCCC3)C4CCCCC4)C=CC=C2,CCc1ccc(Cl)cc1,C(N(Cc1ccccc1)c2ccon2)c3ccccc3,CCc1ccc(Nc2ccc(C)cc2)cc1,13.26153778,a15,s7,P2Et,XPhos,
1266,CN(C)P(N(C)C)(N(C)C)=NP(N(C)C)(N(C)C)=NCC,CC(C1=C(C2=C(OC)C=CC(OC)=C2P(C34CC5CC(C4)CC(C5)C3)C67CC8CC(C7)CC(C8)C6)C(C(C)C)=CC(C(C)C)=C1)C,CCc1ccc(Cl)cc1,Cc1oncc1,CCc1ccc(Nc2ccc(C)cc2)cc1,0.628858286,a5,s7,P2Et,AdBrettPhos,
861,CN(C)P(N(C)C)(N(C)C)=NP(N(C)C)(N(C)C)=NCC,CC(C)C1=CC(C(C)C)=CC(C(C)C)=C1C2=C(P(C3CCCCC3)C4CCCCC4)C=CC=C2,CCc1ccc(Cl)cc1,COC(=O)c1oncc1,CCc1ccc(Nc2ccc(C)cc2)cc1,6.90640733,a8,s7,P2Et,XPhos,
3231,CN1CCCN2CCCN=C12,CC(C)C(C=C(C(C)C)C=C1C(C)C)=C1C2=CC=CC=C2P(C(C)(C)C)C(C)(C)C,CCc1ccc(Cl)cc1,COC(=O)c1cc(on1)c2sccc2,CCc1ccc(Nc2ccc(C)cc2)cc1,0.745430861,a20,s7,MTBD,tBuXPhos,
2271,CN(C)/C(N(C)C)=N\C(C)(C)C,CC(C)C1=CC(C(C)C)=CC(C(C)C)=C1C2=C(P(C3CCCCC3)C4CCCCC4)C=CC=C2,CCc1ccc(Cl)cc1,C(N(Cc1ccccc1)c2ccon2)c3ccccc3,CCc1ccc(Nc2ccc(C)cc2)cc1,6.262930072,a15,s7,BTMG,XPhos,
1161,CN1CCCN2CCCN=C12,CC(C)C1=CC(C(C)C)=CC(C(C)C)=C1C2=C(P(C(C)(C)C)C(C)(C)C)C(OC)=CC=C2OC,CCc1ccc(Cl)cc1,o1cc2ccccc2n1,CCc1ccc(Nc2ccc(C)cc2)cc1,3.20619178,a6,s7,MTBD,tBuBrettPhos,
1236,CN(C)/C(N(C)C)=N\C(C)(C)C,CC(C)C1=CC(C(C)C)=CC(C(C)C)=C1C2=C(P(C(C)(C)C)C(C)(C)C)C(OC)=CC=C2OC,CCc1ccc(Cl)cc1,COC(=O)c1oncc1,CCc1ccc(Nc2ccc(C)cc2)cc1,4.103392125,a8,s7,BTMG,tBuBrettPhos,
3576,CN(C)/C(N(C)C)=N\C(C)(C)C,CC(C1=C(C2=C(OC)C=CC(OC)=C2P(C34CC5CC(C4)CC(C5)C3)C67CC8CC(C7)CC(C8)C6)C(C(C)C)=CC(C(C)C)=C1)C,CCc1ccc(Cl)cc1,COC(=O)c1cc(on1)c2sccc2,CCc1ccc(Nc2ccc(C)cc2)cc1,0.52608193,a20,s7,BTMG,AdBrettPhos,
1416,CN(C)/C(N(C)C)=N\C(C)(C)C,CC(C1=C(C2=C(OC)C=CC(OC)=C2P(C34CC5CC(C4)CC(C5)C3)C67CC8CC(C7)CC(C8)C6)C(C(C)C)=CC(C(C)C)=C1)C,CCc1ccc(Cl)cc1,COC(=O)c1oncc1,CCc1ccc(Nc2ccc(C)cc2)cc1,0,a8,s7,BTMG,AdBrettPhos,
2286,CN1CCCN2CCCN=C12,CC(C)C1=CC(C(C)C)=CC(C(C)C)=C1C2=C(P(C3CCCCC3)C4CCCCC4)C=CC=C2,CCc1ccc(Cl)cc1,C(N(Cc1ccccc1)c2ccon2)c3ccccc3,CCc1ccc(Nc2ccc(C)cc2)cc1,5.967393026,a15,s7,MTBD,XPhos,
2961,CN1CCCN2CCCN=C12,CC(C)C1=CC(C(C)C)=CC(C(C)C)=C1C2=C(P(C3CCCCC3)C4CCCCC4)C=CC=C2,CCc1ccc(Cl)cc1,C(N(Cc1ccccc1)c2oncc2)c3ccccc3,CCc1ccc(Nc2ccc(C)cc2)cc1,0,a18,s7,MTBD,XPhos,
3321,CN1CCCN2CCCN=C12,CC(C)C1=CC(C(C)C)=CC(C(C)C)=C1C2=C(P(C(C)(C)C)C(C)(C)C)C(OC)=CC=C2OC,CCc1ccc(Cl)cc1,C(N(Cc1ccccc1)c2oncc2)c3ccccc3,CCc1ccc(Nc2ccc(C)cc2)cc1,6.880494813,a18,s7,MTBD,tBuBrettPhos,
3501,CN1CCCN2CCCN=C12,CC(C1=C(C2=C(OC)C=CC(OC)=C2P(C34CC5CC(C4)CC(C5)C3)C67CC8CC(C7)CC(C8)C6)C(C(C)C)=CC(C(C)C)=C1)C,CCc1ccc(Cl)cc1,C(N(Cc1ccccc1)c2oncc2)c3ccccc3,CCc1ccc(Nc2ccc(C)cc2)cc1,1.005881291,a18,s7,MTBD,AdBrettPhos,
2646,CN1CCCN2CCCN=C12,CC(C)C1=CC(C(C)C)=CC(C(C)C)=C1C2=C(P(C(C)(C)C)C(C)(C)C)C(OC)=CC=C2OC,CCc1ccc(Cl)cc1,C(N(Cc1ccccc1)c2ccon2)c3ccccc3,CCc1ccc(Nc2ccc(C)cc2)cc1,12.64243358,a15,s7,MTBD,tBuBrettPhos,
2481,CN(C)P(N(C)C)(N(C)C)=NP(N(C)C)(N(C)C)=NCC,CC(C)C(C=C(C(C)C)C=C1C(C)C)=C1C2=CC=CC=C2P(C(C)(C)C)C(C)(C)C,CCc1ccc(Cl)cc1,COC(=O)c1cc(on1)c2occc2,CCc1ccc(Nc2ccc(C)cc2)cc1,0.649110542,a16,s7,P2Et,tBuXPhos,
1776,CN(C)/C(N(C)C)=N\C(C)(C)C,CC(C)C(C=C(C(C)C)C=C1C(C)C)=C1C2=CC=CC=C2P(C(C)(C)C)C(C)(C)C,CCc1ccc(Cl)cc1,o1ncc2ccccc12,CCc1ccc(Nc2ccc(C)cc2)cc1,4.064443696,a12,s7,BTMG,tBuXPhos,
1191,CN(C)/C(N(C)C)=N\C(C)(C)C,CC(C)C1=CC(C(C)C)=CC(C(C)C)=C1C2=C(P(C(C)(C)C)C(C)(C)C)C(OC)=CC=C2OC,CCc1ccc(Cl)cc1,Cc1onc(C)c1,CCc1ccc(Nc2ccc(C)cc2)cc1,5.094725505,a7,s7,BTMG,tBuBrettPhos,
261,CN1CCCN2CCCN=C12,CC(C)C(C=C(C(C)C)C=C1C(C)C)=C1C2=CC=CC=C2P(C(C)(C)C)C(C)(C)C,CCc1ccc(Cl)cc1,o1nccc1c2ccccc2,CCc1ccc(Nc2ccc(C)cc2)cc1,15.31942872,a2,s7,MTBD,tBuXPhos,
1866,CN(C)/C(N(C)C)=N\C(C)(C)C,CC(C)C1=CC(C(C)C)=CC(C(C)C)=C1C2=C(P(C(C)(C)C)C(C)(C)C)C(OC)=CC=C2OC,CCc1ccc(Cl)cc1,CCOC(=O)c1cnoc1C,CCc1ccc(Nc2ccc(C)cc2)cc1,0,a10,s7,BTMG,tBuBrettPhos,
3291,CN(C)P(N(C)C)(N(C)C)=NP(N(C)C)(N(C)C)=NCC,CC(C)C1=CC(C(C)C)=CC(C(C)C)=C1C2=C(P(C(C)(C)C)C(C)(C)C)C(OC)=CC=C2OC,CCc1ccc(Cl)cc1,C(N(Cc1ccccc1)c2oncc2)c3ccccc3,CCc1ccc(Nc2ccc(C)cc2)cc1,13.95905877,a18,s7,P2Et,tBuBrettPhos,
3516,CN(C)P(N(C)C)(N(C)C)=NP(N(C)C)(N(C)C)=NCC,CC(C1=C(C2=C(OC)C=CC(OC)=C2P(C34CC5CC(C4)CC(C5)C3)C67CC8CC(C7)CC(C8)C6)C(C(C)C)=CC(C(C)C)=C1)C,CCc1ccc(Cl)cc1,Cc1onc(c1)n2cccc2,CCc1ccc(Nc2ccc(C)cc2)cc1,1.743650282,a19,s7,P2Et,AdBrettPhos,
621,CN1CCCN2CCCN=C12,CC(C1=C(C2=C(OC)C=CC(OC)=C2P(C34CC5CC(C4)CC(C5)C3)C67CC8CC(C7)CC(C8)C6)C(C(C)C)=CC(C(C)C)=C1)C,CCc1ccc(Cl)cc1,o1nccc1c2ccccc2,CCc1ccc(Nc2ccc(C)cc2)cc1,2.173414859,a2,s7,MTBD,AdBrettPhos,
1896,CN(C)P(N(C)C)(N(C)C)=NP(N(C)C)(N(C)C)=NCC,CC(C)C1=CC(C(C)C)=CC(C(C)C)=C1C2=C(P(C(C)(C)C)C(C)(C)C)C(OC)=CC=C2OC,CCc1ccc(Cl)cc1,CCOC(=O)c1conc1,CCc1ccc(Nc2ccc(C)cc2)cc1,9.606838288,a11,s7,P2Et,tBuBrettPhos,
3006,CN1CCCN2CCCN=C12,CC(C)C1=CC(C(C)C)=CC(C(C)C)=C1C2=C(P(C3CCCCC3)C4CCCCC4)C=CC=C2,CCc1ccc(Cl)cc1,Cc1onc(c1)n2cccc2,CCc1ccc(Nc2ccc(C)cc2)cc1,5.235495595,a19,s7,MTBD,XPhos,
321,CN(C)P(N(C)C)(N(C)C)=NP(N(C)C)(N(C)C)=NCC,CC(C)C(C=C(C(C)C)C=C1C(C)C)=C1C2=CC=CC=C2P(C(C)(C)C)C(C)(C)C,CCc1ccc(Cl)cc1,CCOC(=O)c1cc(C)on1,CCc1ccc(Nc2ccc(C)cc2)cc1,3.420166341,a4,s7,P2Et,tBuXPhos,
2811,CN(C)/C(N(C)C)=N\C(C)(C)C,CC(C1=C(C2=C(OC)C=CC(OC)=C2P(C34CC5CC(C4)CC(C5)C3)C67CC8CC(C7)CC(C8)C6)C(C(C)C)=CC(C(C)C)=C1)C,CCc1ccc(Cl)cc1,C(N(Cc1ccccc1)c2ccon2)c3ccccc3,CCc1ccc(Nc2ccc(C)cc2)cc1,2.42184546,a15,s7,BTMG,AdBrettPhos,
2151,CN1CCCN2CCCN=C12,CC(C1=C(C2=C(OC)C=CC(OC)=C2P(C34CC5CC(C4)CC(C5)C3)C67CC8CC(C7)CC(C8)C6)C(C(C)C)=CC(C(C)C)=C1)C,CCc1ccc(Cl)cc1,o1ncc2ccccc12,CCc1ccc(Nc2ccc(C)cc2)cc1,1.753987647,a12,s7,MTBD,AdBrettPhos,
1011,CN(C)/C(N(C)C)=N\C(C)(C)C,CC(C)C(C=C(C(C)C)C=C1C(C)C)=C1C2=CC=CC=C2P(C(C)(C)C)C(C)(C)C,CCc1ccc(Cl)cc1,Cc1onc(C)c1,CCc1ccc(Nc2ccc(C)cc2)cc1,4.451923676,a7,s7,BTMG,tBuXPhos,
411,CN(C)P(N(C)C)(N(C)C)=NP(N(C)C)(N(C)C)=NCC,CC(C)C1=CC(C(C)C)=CC(C(C)C)=C1C2=C(P(C(C)(C)C)C(C)(C)C)C(OC)=CC=C2OC,CCc1ccc(Cl)cc1,o1nccc1c2ccccc2,CCc1ccc(Nc2ccc(C)cc2)cc1,4.337310253,a2,s7,P2Et,tBuBrettPhos,
636,CN(C)P(N(C)C)(N(C)C)=NP(N(C)C)(N(C)C)=NCC,CC(C1=C(C2=C(OC)C=CC(OC)=C2P(C34CC5CC(C4)CC(C5)C3)C67CC8CC(C7)CC(C8)C6)C(C(C)C)=CC(C(C)C)=C1)C,CCc1ccc(Cl)cc1,CCOC(=O)c1onc(C)c1,CCc1ccc(Nc2ccc(C)cc2)cc1,1.112658983,a3,s7,P2Et,AdBrettPhos,
996,CN(C)P(N(C)C)(N(C)C)=NP(N(C)C)(N(C)C)=NCC,CC(C)C(C=C(C(C)C)C=C1C(C)C)=C1C2=CC=CC=C2P(C(C)(C)C)C(C)(C)C,CCc1ccc(Cl)cc1,Cc1onc(C)c1,CCc1ccc(Nc2ccc(C)cc2)cc1,13.82100293,a7,s7,P2Et,tBuXPhos,
216,CN1CCCN2CCCN=C12,CC(C)C(C=C(C(C)C)C=C1C(C)C)=C1C2=CC=CC=C2P(C(C)(C)C)C(C)(C)C,CCc1ccc(Cl)cc1,none,CCc1ccc(Nc2ccc(C)cc2)cc1,5.937925103,a1,s7,MTBD,tBuXPhos,
3471,CN(C)P(N(C)C)(N(C)C)=NP(N(C)C)(N(C)C)=NCC,CC(C1=C(C2=C(OC)C=CC(OC)=C2P(C34CC5CC(C4)CC(C5)C3)C67CC8CC(C7)CC(C8)C6)C(C(C)C)=CC(C(C)C)=C1)C,CCc1ccc(Cl)cc1,C(N(Cc1ccccc1)c2oncc2)c3ccccc3,CCc1ccc(Nc2ccc(C)cc2)cc1,4.08442672,a18,s7,P2Et,AdBrettPhos,
831,CN(C)/C(N(C)C)=N\C(C)(C)C,CC(C)C1=CC(C(C)C)=CC(C(C)C)=C1C2=C(P(C3CCCCC3)C4CCCCC4)C=CC=C2,CCc1ccc(Cl)cc1,Cc1onc(C)c1,CCc1ccc(Nc2ccc(C)cc2)cc1,3.019148584,a7,s7,BTMG,XPhos,
1686,CN(C)/C(N(C)C)=N\C(C)(C)C,CC(C)C(C=C(C(C)C)C=C1C(C)C)=C1C2=CC=CC=C2P(C(C)(C)C)C(C)(C)C,CCc1ccc(Cl)cc1,CCOC(=O)c1cnoc1C,CCc1ccc(Nc2ccc(C)cc2)cc1,0,a10,s7,BTMG,tBuXPhos,
681,CN(C)P(N(C)C)(N(C)C)=NP(N(C)C)(N(C)C)=NCC,CC(C1=C(C2=C(OC)C=CC(OC)=C2P(C34CC5CC(C4)CC(C5)C3)C67CC8CC(C7)CC(C8)C6)C(C(C)C)=CC(C(C)C)=C1)C,CCc1ccc(Cl)cc1,CCOC(=O)c1cc(C)on1,CCc1ccc(Nc2ccc(C)cc2)cc1,0.737631078,a4,s7,P2Et,AdBrettPhos,
756,CN1CCCN2CCCN=C12,CC(C)C1=CC(C(C)C)=CC(C(C)C)=C1C2=C(P(C3CCCCC3)C4CCCCC4)C=CC=C2,CCc1ccc(Cl)cc1,Cc1oncc1,CCc1ccc(Nc2ccc(C)cc2)cc1,2.547971795,a5,s7,MTBD,XPhos,
906,CN(C)P(N(C)C)(N(C)C)=NP(N(C)C)(N(C)C)=NCC,CC(C)C(C=C(C(C)C)C=C1C(C)C)=C1C2=CC=CC=C2P(C(C)(C)C)C(C)(C)C,CCc1ccc(Cl)cc1,Cc1oncc1,CCc1ccc(Nc2ccc(C)cc2)cc1,2.889330361,a5,s7,P2Et,tBuXPhos,
3141,CN1CCCN2CCCN=C12,CC(C)C(C=C(C(C)C)C=C1C(C)C)=C1C2=CC=CC=C2P(C(C)(C)C)C(C)(C)C,CCc1ccc(Cl)cc1,C(N(Cc1ccccc1)c2oncc2)c3ccccc3,CCc1ccc(Nc2ccc(C)cc2)cc1,4.28271464,a18,s7,MTBD,tBuXPhos,
2511,CN1CCCN2CCCN=C12,CC(C)C(C=C(C(C)C)C=C1C(C)C)=C1C2=CC=CC=C2P(C(C)(C)C)C(C)(C)C,CCc1ccc(Cl)cc1,COC(=O)c1cc(on1)c2occc2,CCc1ccc(Nc2ccc(C)cc2)cc1,0.609947969,a16,s7,MTBD,tBuXPhos,
171,CN1CCCN2CCCN=C12,CC(C)C1=CC(C(C)C)=CC(C(C)C)=C1C2=C(P(C3CCCCC3)C4CCCCC4)C=CC=C2,CCc1ccc(Cl)cc1,CCOC(=O)c1cc(C)on1,CCc1ccc(Nc2ccc(C)cc2)cc1,4.206951598,a4,s7,MTBD,XPhos,
531,CN1CCCN2CCCN=C12,CC(C)C1=CC(C(C)C)=CC(C(C)C)=C1C2=C(P(C(C)(C)C)C(C)(C)C)C(OC)=CC=C2OC,CCc1ccc(Cl)cc1,CCOC(=O)c1cc(C)on1,CCc1ccc(Nc2ccc(C)cc2)cc1,0,a4,s7,MTBD,tBuBrettPhos,
1386,CN1CCCN2CCCN=C12,CC(C1=C(C2=C(OC)C=CC(OC)=C2P(C34CC5CC(C4)CC(C5)C3)C67CC8CC(C7)CC(C8)C6)C(C(C)C)=CC(C(C)C)=C1)C,CCc1ccc(Cl)cc1,Cc1onc(C)c1,CCc1ccc(Nc2ccc(C)cc2)cc1,1.542228309,a7,s7,MTBD,AdBrettPhos,
186,CN(C)P(N(C)C)(N(C)C)=NP(N(C)C)(N(C)C)=NCC,CC(C)C(C=C(C(C)C)C=C1C(C)C)=C1C2=CC=CC=C2P(C(C)(C)C)C(C)(C)C,CCc1ccc(Cl)cc1,none,CCc1ccc(Nc2ccc(C)cc2)cc1,15.23801636,a1,s7,P2Et,tBuXPhos,
951,CN(C)P(N(C)C)(N(C)C)=NP(N(C)C)(N(C)C)=NCC,CC(C)C(C=C(C(C)C)C=C1C(C)C)=C1C2=CC=CC=C2P(C(C)(C)C)C(C)(C)C,CCc1ccc(Cl)cc1,o1cc2ccccc2n1,CCc1ccc(Nc2ccc(C)cc2)cc1,4.522238884,a6,s7,P2Et,tBuXPhos,
351,CN1CCCN2CCCN=C12,CC(C)C(C=C(C(C)C)C=C1C(C)C)=C1C2=CC=CC=C2P(C(C)(C)C)C(C)(C)C,CCc1ccc(Cl)cc1,CCOC(=O)c1cc(C)on1,CCc1ccc(Nc2ccc(C)cc2)cc1,4.582095156,a4,s7,MTBD,tBuXPhos,
81,CN1CCCN2CCCN=C12,CC(C)C1=CC(C(C)C)=CC(C(C)C)=C1C2=C(P(C3CCCCC3)C4CCCCC4)C=CC=C2,CCc1ccc(Cl)cc1,o1nccc1c2ccccc2,CCc1ccc(Nc2ccc(C)cc2)cc1,3.920306162,a2,s7,MTBD,XPhos,
3036,CN(C)/C(N(C)C)=N\C(C)(C)C,CC(C)C1=CC(C(C)C)=CC(C(C)C)=C1C2=C(P(C3CCCCC3)C4CCCCC4)C=CC=C2,CCc1ccc(Cl)cc1,COC(=O)c1cc(on1)c2sccc2,CCc1ccc(Nc2ccc(C)cc2)cc1,1.036456102,a20,s7,BTMG,XPhos,
2766,CN(C)/C(N(C)C)=N\C(C)(C)C,CC(C1=C(C2=C(OC)C=CC(OC)=C2P(C34CC5CC(C4)CC(C5)C3)C67CC8CC(C7)CC(C8)C6)C(C(C)C)=CC(C(C)C)=C1)C,CCc1ccc(Cl)cc1,Cc1cc(on1)c2ccccc2,CCc1ccc(Nc2ccc(C)cc2)cc1,0.817066768,a14,s7,BTMG,AdBrettPhos,
786,CN(C)/C(N(C)C)=N\C(C)(C)C,CC(C)C1=CC(C(C)C)=CC(C(C)C)=C1C2=C(P(C3CCCCC3)C4CCCCC4)C=CC=C2,CCc1ccc(Cl)cc1,o1cc2ccccc2n1,CCc1ccc(Nc2ccc(C)cc2)cc1,0,a6,s7,BTMG,XPhos,
561,CN(C)/C(N(C)C)=N\C(C)(C)C,CC(C1=C(C2=C(OC)C=CC(OC)=C2P(C34CC5CC(C4)CC(C5)C3)C67CC8CC(C7)CC(C8)C6)C(C(C)C)=CC(C(C)C)=C1)C,CCc1ccc(Cl)cc1,none,CCc1ccc(Nc2ccc(C)cc2)cc1,3.976960117,a1,s7,BTMG,AdBrettPhos,
2136,CN(C)/C(N(C)C)=N\C(C)(C)C,CC(C1=C(C2=C(OC)C=CC(OC)=C2P(C34CC5CC(C4)CC(C5)C3)C67CC8CC(C7)CC(C8)C6)C(C(C)C)=CC(C(C)C)=C1)C,CCc1ccc(Cl)cc1,o1ncc2ccccc12,CCc1ccc(Nc2ccc(C)cc2)cc1,1.039903259,a12,s7,BTMG,AdBrettPhos,
876,CN(C)/C(N(C)C)=N\C(C)(C)C,CC(C)C1=CC(C(C)C)=CC(C(C)C)=C1C2=C(P(C3CCCCC3)C4CCCCC4)C=CC=C2,CCc1ccc(Cl)cc1,COC(=O)c1oncc1,CCc1ccc(Nc2ccc(C)cc2)cc1,0,a8,s7,BTMG,XPhos,
966,CN(C)/C(N(C)C)=N\C(C)(C)C,CC(C)C(C=C(C(C)C)C=C1C(C)C)=C1C2=CC=CC=C2P(C(C)(C)C)C(C)(C)C,CCc1ccc(Cl)cc1,o1cc2ccccc2n1,CCc1ccc(Nc2ccc(C)cc2)cc1,0,a6,s7,BTMG,tBuXPhos,
2946,CN(C)/C(N(C)C)=N\C(C)(C)C,CC(C)C1=CC(C(C)C)=CC(C(C)C)=C1C2=C(P(C3CCCCC3)C4CCCCC4)C=CC=C2,CCc1ccc(Cl)cc1,C(N(Cc1ccccc1)c2oncc2)c3ccccc3,CCc1ccc(Nc2ccc(C)cc2)cc1,1.378417368,a18,s7,BTMG,XPhos,
1506,CN(C)/C(N(C)C)=N\C(C)(C)C,CC(C)C1=CC(C(C)C)=CC(C(C)C)=C1C2=C(P(C3CCCCC3)C4CCCCC4)C=CC=C2,CCc1ccc(Cl)cc1,CCOC(=O)c1cnoc1C,CCc1ccc(Nc2ccc(C)cc2)cc1,0,a10,s7,BTMG,XPhos,
1536,CN(C)P(N(C)C)(N(C)C)=NP(N(C)C)(N(C)C)=NCC,CC(C)C1=CC(C(C)C)=CC(C(C)C)=C1C2=C(P(C3CCCCC3)C4CCCCC4)C=CC=C2,CCc1ccc(Cl)cc1,CCOC(=O)c1conc1,CCc1ccc(Nc2ccc(C)cc2)cc1,0,a11,s7,P2Et,XPhos,
36,CN1CCCN2CCCN=C12,CC(C)C1=CC(C(C)C)=CC(C(C)C)=C1C2=C(P(C3CCCCC3)C4CCCCC4)C=CC=C2,CCc1ccc(Cl)cc1,none,CCc1ccc(Nc2ccc(C)cc2)cc1,7.170837693,a1,s7,MTBD,XPhos,
1596,CN(C)/C(N(C)C)=N\C(C)(C)C,CC(C)C1=CC(C(C)C)=CC(C(C)C)=C1C2=C(P(C3CCCCC3)C4CCCCC4)C=CC=C2,CCc1ccc(Cl)cc1,o1ncc2ccccc12,CCc1ccc(Nc2ccc(C)cc2)cc1,2.570236026,a12,s7,BTMG,XPhos,
2106,CN1CCCN2CCCN=C12,CC(C1=C(C2=C(OC)C=CC(OC)=C2P(C34CC5CC(C4)CC(C5)C3)C67CC8CC(C7)CC(C8)C6)C(C(C)C)=CC(C(C)C)=C1)C,CCc1ccc(Cl)cc1,CCOC(=O)c1conc1,CCc1ccc(Nc2ccc(C)cc2)cc1,6.949971836,a11,s7,MTBD,AdBrettPhos,
201,CN(C)/C(N(C)C)=N\C(C)(C)C,CC(C)C(C=C(C(C)C)C=C1C(C)C)=C1C2=CC=CC=C2P(C(C)(C)C)C(C)(C)C,CCc1ccc(Cl)cc1,none,CCc1ccc(Nc2ccc(C)cc2)cc1,5.1621109,a1,s7,BTMG,tBuXPhos,
726,CN(C)P(N(C)C)(N(C)C)=NP(N(C)C)(N(C)C)=NCC,CC(C)C1=CC(C(C)C)=CC(C(C)C)=C1C2=C(P(C3CCCCC3)C4CCCCC4)C=CC=C2,CCc1ccc(Cl)cc1,Cc1oncc1,CCc1ccc(Nc2ccc(C)cc2)cc1,7.911192525,a5,s7,P2Et,XPhos,
2226,CN(C)/C(N(C)C)=N\C(C)(C)C,CC(C)C1=CC(C(C)C)=CC(C(C)C)=C1C2=C(P(C3CCCCC3)C4CCCCC4)C=CC=C2,CCc1ccc(Cl)cc1,Cc1cc(on1)c2ccccc2,CCc1ccc(Nc2ccc(C)cc2)cc1,3.418730848,a14,s7,BTMG,XPhos,
396,CN1CCCN2CCCN=C12,CC(C)C1=CC(C(C)C)=CC(C(C)C)=C1C2=C(P(C(C)(C)C)C(C)(C)C)C(OC)=CC=C2OC,CCc1ccc(Cl)cc1,none,CCc1ccc(Nc2ccc(C)cc2)cc1,0,a1,s7,MTBD,tBuBrettPhos,
1101,CN(C)/C(N(C)C)=N\C(C)(C)C,CC(C)C1=CC(C(C)C)=CC(C(C)C)=C1C2=C(P(C(C)(C)C)C(C)(C)C)C(OC)=CC=C2OC,CCc1ccc(Cl)cc1,Cc1oncc1,CCc1ccc(Nc2ccc(C)cc2)cc1,5.479660726,a5,s7,BTMG,tBuBrettPhos,
2706,CN(C)P(N(C)C)(N(C)C)=NP(N(C)C)(N(C)C)=NCC,CC(C1=C(C2=C(OC)C=CC(OC)=C2P(C34CC5CC(C4)CC(C5)C3)C67CC8CC(C7)CC(C8)C6)C(C(C)C)=CC(C(C)C)=C1)C,CCc1ccc(Cl)cc1,CCOC(=O)c1onc(OC)c1,CCc1ccc(Nc2ccc(C)cc2)cc1,2.294941324,a13,s7,P2Et,AdBrettPhos,
3276,CN1CCCN2CCCN=C12,CC(C)C1=CC(C(C)C)=CC(C(C)C)=C1C2=C(P(C(C)(C)C)C(C)(C)C)C(OC)=CC=C2OC,CCc1ccc(Cl)cc1,Fc1cccc(F)c1c2oncc2,CCc1ccc(Nc2ccc(C)cc2)cc1,6.604799576,a17,s7,MTBD,tBuBrettPhos,
2541,CN(C)/C(N(C)C)=N\C(C)(C)C,CC(C)C1=CC(C(C)C)=CC(C(C)C)=C1C2=C(P(C(C)(C)C)C(C)(C)C)C(OC)=CC=C2OC,CCc1ccc(Cl)cc1,CCOC(=O)c1onc(OC)c1,CCc1ccc(Nc2ccc(C)cc2)cc1,3.554195282,a13,s7,BTMG,tBuBrettPhos,
2931,CN(C)P(N(C)C)(N(C)C)=NP(N(C)C)(N(C)C)=NCC,CC(C)C1=CC(C(C)C)=CC(C(C)C)=C1C2=C(P(C3CCCCC3)C4CCCCC4)C=CC=C2,CCc1ccc(Cl)cc1,C(N(Cc1ccccc1)c2oncc2)c3ccccc3,CCc1ccc(Nc2ccc(C)cc2)cc1,9.734031055,a18,s7,P2Et,XPhos,
2916,CN1CCCN2CCCN=C12,CC(C)C1=CC(C(C)C)=CC(C(C)C)=C1C2=C(P(C3CCCCC3)C4CCCCC4)C=CC=C2,CCc1ccc(Cl)cc1,Fc1cccc(F)c1c2oncc2,CCc1ccc(Nc2ccc(C)cc2)cc1,2.067024275,a17,s7,MTBD,XPhos,
3426,CN(C)P(N(C)C)(N(C)C)=NP(N(C)C)(N(C)C)=NCC,CC(C1=C(C2=C(OC)C=CC(OC)=C2P(C34CC5CC(C4)CC(C5)C3)C67CC8CC(C7)CC(C8)C6)C(C(C)C)=CC(C(C)C)=C1)C,CCc1ccc(Cl)cc1,Fc1cccc(F)c1c2oncc2,CCc1ccc(Nc2ccc(C)cc2)cc1,4.656693452,a17,s7,P2Et,AdBrettPhos,
3096,CN1CCCN2CCCN=C12,CC(C)C(C=C(C(C)C)C=C1C(C)C)=C1C2=CC=CC=C2P(C(C)(C)C)C(C)(C)C,CCc1ccc(Cl)cc1,Fc1cccc(F)c1c2oncc2,CCc1ccc(Nc2ccc(C)cc2)cc1,11.25502625,a17,s7,MTBD,tBuXPhos,
576,CN1CCCN2CCCN=C12,CC(C1=C(C2=C(OC)C=CC(OC)=C2P(C34CC5CC(C4)CC(C5)C3)C67CC8CC(C7)CC(C8)C6)C(C(C)C)=CC(C(C)C)=C1)C,CCc1ccc(Cl)cc1,none,CCc1ccc(Nc2ccc(C)cc2)cc1,9.491590168,a1,s7,MTBD,AdBrettPhos,
2691,CN1CCCN2CCCN=C12,CC(C)C1=CC(C(C)C)=CC(C(C)C)=C1C2=C(P(C(C)(C)C)C(C)(C)C)C(OC)=CC=C2OC,CCc1ccc(Cl)cc1,COC(=O)c1cc(on1)c2occc2,CCc1ccc(Nc2ccc(C)cc2)cc1,4.390150349,a16,s7,MTBD,tBuBrettPhos,
2616,CN(C)P(N(C)C)(N(C)C)=NP(N(C)C)(N(C)C)=NCC,CC(C)C1=CC(C(C)C)=CC(C(C)C)=C1C2=C(P(C(C)(C)C)C(C)(C)C)C(OC)=CC=C2OC,CCc1ccc(Cl)cc1,C(N(Cc1ccccc1)c2ccon2)c3ccccc3,CCc1ccc(Nc2ccc(C)cc2)cc1,9.444894792,a15,s7,P2Et,tBuBrettPhos,
1116,CN1CCCN2CCCN=C12,CC(C)C1=CC(C(C)C)=CC(C(C)C)=C1C2=C(P(C(C)(C)C)C(C)(C)C)C(OC)=CC=C2OC,CCc1ccc(Cl)cc1,Cc1oncc1,CCc1ccc(Nc2ccc(C)cc2)cc1,5.688672061,a5,s7,MTBD,tBuBrettPhos,
3216,CN(C)/C(N(C)C)=N\C(C)(C)C,CC(C)C(C=C(C(C)C)C=C1C(C)C)=C1C2=CC=CC=C2P(C(C)(C)C)C(C)(C)C,CCc1ccc(Cl)cc1,COC(=O)c1cc(on1)c2sccc2,CCc1ccc(Nc2ccc(C)cc2)cc1,0.83326199,a20,s7,BTMG,tBuXPhos,
2796,CN(C)P(N(C)C)(N(C)C)=NP(N(C)C)(N(C)C)=NCC,CC(C1=C(C2=C(OC)C=CC(OC)=C2P(C34CC5CC(C4)CC(C5)C3)C67CC8CC(C7)CC(C8)C6)C(C(C)C)=CC(C(C)C)=C1)C,CCc1ccc(Cl)cc1,C(N(Cc1ccccc1)c2ccon2)c3ccccc3,CCc1ccc(Nc2ccc(C)cc2)cc1,2.350274713,a15,s7,P2Et,AdBrettPhos,
1626,CN(C)P(N(C)C)(N(C)C)=NP(N(C)C)(N(C)C)=NCC,CC(C)C(C=C(C(C)C)C=C1C(C)C)=C1C2=CC=CC=C2P(C(C)(C)C)C(C)(C)C,CCc1ccc(Cl)cc1,CCOC(=O)c1ccon1,CCc1ccc(Nc2ccc(C)cc2)cc1,0,a9,s7,P2Et,tBuXPhos,
2736,CN1CCCN2CCCN=C12,CC(C1=C(C2=C(OC)C=CC(OC)=C2P(C34CC5CC(C4)CC(C5)C3)C67CC8CC(C7)CC(C8)C6)C(C(C)C)=CC(C(C)C)=C1)C,CCc1ccc(Cl)cc1,CCOC(=O)c1onc(OC)c1,CCc1ccc(Nc2ccc(C)cc2)cc1,0.665471445,a13,s7,MTBD,AdBrettPhos,
2301,CN(C)P(N(C)C)(N(C)C)=NP(N(C)C)(N(C)C)=NCC,CC(C)C1=CC(C(C)C)=CC(C(C)C)=C1C2=C(P(C3CCCCC3)C4CCCCC4)C=CC=C2,CCc1ccc(Cl)cc1,COC(=O)c1cc(on1)c2occc2,CCc1ccc(Nc2ccc(C)cc2)cc1,0.340410651,a16,s7,P2Et,XPhos,
441,CN1CCCN2CCCN=C12,CC(C)C1=CC(C(C)C)=CC(C(C)C)=C1C2=C(P(C(C)(C)C)C(C)(C)C)C(OC)=CC=C2OC,CCc1ccc(Cl)cc1,o1nccc1c2ccccc2,CCc1ccc(Nc2ccc(C)cc2)cc1,0,a2,s7,MTBD,tBuBrettPhos,
2016,CN1CCCN2CCCN=C12,CC(C1=C(C2=C(OC)C=CC(OC)=C2P(C34CC5CC(C4)CC(C5)C3)C67CC8CC(C7)CC(C8)C6)C(C(C)C)=CC(C(C)C)=C1)C,CCc1ccc(Cl)cc1,CCOC(=O)c1ccon1,CCc1ccc(Nc2ccc(C)cc2)cc1,1.226267555,a9,s7,MTBD,AdBrettPhos,
21,CN(C)/C(N(C)C)=N\C(C)(C)C,CC(C)C1=CC(C(C)C)=CC(C(C)C)=C1C2=C(P(C3CCCCC3)C4CCCCC4)C=CC=C2,CCc1ccc(Cl)cc1,none,CCc1ccc(Nc2ccc(C)cc2)cc1,5.831100664,a1,s7,BTMG,XPhos,
1821,CN(C)/C(N(C)C)=N\C(C)(C)C,CC(C)C1=CC(C(C)C)=CC(C(C)C)=C1C2=C(P(C(C)(C)C)C(C)(C)C)C(OC)=CC=C2OC,CCc1ccc(Cl)cc1,CCOC(=O)c1ccon1,CCc1ccc(Nc2ccc(C)cc2)cc1,6.866213056,a9,s7,BTMG,tBuBrettPhos,
1206,CN1CCCN2CCCN=C12,CC(C)C1=CC(C(C)C)=CC(C(C)C)=C1C2=C(P(C(C)(C)C)C(C)(C)C)C(OC)=CC=C2OC,CCc1ccc(Cl)cc1,Cc1onc(C)c1,CCc1ccc(Nc2ccc(C)cc2)cc1,7.18319285,a7,s7,MTBD,tBuBrettPhos,
2211,CN(C)P(N(C)C)(N(C)C)=NP(N(C)C)(N(C)C)=NCC,CC(C)C1=CC(C(C)C)=CC(C(C)C)=C1C2=C(P(C3CCCCC3)C4CCCCC4)C=CC=C2,CCc1ccc(Cl)cc1,Cc1cc(on1)c2ccccc2,CCc1ccc(Nc2ccc(C)cc2)cc1,3.597789888,a14,s7,P2Et,XPhos,
2526,CN(C)P(N(C)C)(N(C)C)=NP(N(C)C)(N(C)C)=NCC,CC(C)C1=CC(C(C)C)=CC(C(C)C)=C1C2=C(P(C(C)(C)C)C(C)(C)C)C(OC)=CC=C2OC,CCc1ccc(Cl)cc1,CCOC(=O)c1onc(OC)c1,CCc1ccc(Nc2ccc(C)cc2)cc1,6.975926865,a13,s7,P2Et,tBuBrettPhos,
3381,CN(C)P(N(C)C)(N(C)C)=NP(N(C)C)(N(C)C)=NCC,CC(C)C1=CC(C(C)C)=CC(C(C)C)=C1C2=C(P(C(C)(C)C)C(C)(C)C)C(OC)=CC=C2OC,CCc1ccc(Cl)cc1,COC(=O)c1cc(on1)c2sccc2,CCc1ccc(Nc2ccc(C)cc2)cc1,5.761815995,a20,s7,P2Et,tBuBrettPhos,
1461,CN(C)/C(N(C)C)=N\C(C)(C)C,CC(C)C1=CC(C(C)C)=CC(C(C)C)=C1C2=C(P(C3CCCCC3)C4CCCCC4)C=CC=C2,CCc1ccc(Cl)cc1,CCOC(=O)c1ccon1,CCc1ccc(Nc2ccc(C)cc2)cc1,2.86790041,a9,s7,BTMG,XPhos,
141,CN(C)P(N(C)C)(N(C)C)=NP(N(C)C)(N(C)C)=NCC,CC(C)C1=CC(C(C)C)=CC(C(C)C)=C1C2=C(P(C3CCCCC3)C4CCCCC4)C=CC=C2,CCc1ccc(Cl)cc1,CCOC(=O)c1cc(C)on1,CCc1ccc(Nc2ccc(C)cc2)cc1,4.992379236,a4,s7,P2Et,XPhos,
2496,CN(C)/C(N(C)C)=N\C(C)(C)C,CC(C)C(C=C(C(C)C)C=C1C(C)C)=C1C2=CC=CC=C2P(C(C)(C)C)C(C)(C)C,CCc1ccc(Cl)cc1,COC(=O)c1cc(on1)c2occc2,CCc1ccc(Nc2ccc(C)cc2)cc1,0.638545637,a16,s7,BTMG,tBuXPhos,
3126,CN(C)/C(N(C)C)=N\C(C)(C)C,CC(C)C(C=C(C(C)C)C=C1C(C)C)=C1C2=CC=CC=C2P(C(C)(C)C)C(C)(C)C,CCc1ccc(Cl)cc1,C(N(Cc1ccccc1)c2oncc2)c3ccccc3,CCc1ccc(Nc2ccc(C)cc2)cc1,1.781909967,a18,s7,BTMG,tBuXPhos,
1851,CN(C)P(N(C)C)(N(C)C)=NP(N(C)C)(N(C)C)=NCC,CC(C)C1=CC(C(C)C)=CC(C(C)C)=C1C2=C(P(C(C)(C)C)C(C)(C)C)C(OC)=CC=C2OC,CCc1ccc(Cl)cc1,CCOC(=O)c1cnoc1C,CCc1ccc(Nc2ccc(C)cc2)cc1,8.038113026,a10,s7,P2Et,tBuBrettPhos,
1401,CN(C)P(N(C)C)(N(C)C)=NP(N(C)C)(N(C)C)=NCC,CC(C1=C(C2=C(OC)C=CC(OC)=C2P(C34CC5CC(C4)CC(C5)C3)C67CC8CC(C7)CC(C8)C6)C(C(C)C)=CC(C(C)C)=C1)C,CCc1ccc(Cl)cc1,COC(=O)c1oncc1,CCc1ccc(Nc2ccc(C)cc2)cc1,0.526967727,a8,s7,P2Et,AdBrettPhos,
2331,CN1CCCN2CCCN=C12,CC(C)C1=CC(C(C)C)=CC(C(C)C)=C1C2=C(P(C3CCCCC3)C4CCCCC4)C=CC=C2,CCc1ccc(Cl)cc1,COC(=O)c1cc(on1)c2occc2,CCc1ccc(Nc2ccc(C)cc2)cc1,0.94272788,a16,s7,MTBD,XPhos,
2196,CN1CCCN2CCCN=C12,CC(C)C1=CC(C(C)C)=CC(C(C)C)=C1C2=C(P(C3CCCCC3)C4CCCCC4)C=CC=C2,CCc1ccc(Cl)cc1,CCOC(=O)c1onc(OC)c1,CCc1ccc(Nc2ccc(C)cc2)cc1,0.662349524,a13,s7,MTBD,XPhos,
1701,CN1CCCN2CCCN=C12,CC(C)C(C=C(C(C)C)C=C1C(C)C)=C1C2=CC=CC=C2P(C(C)(C)C)C(C)(C)C,CCc1ccc(Cl)cc1,CCOC(=O)c1cnoc1C,CCc1ccc(Nc2ccc(C)cc2)cc1,13.56968075,a10,s7,MTBD,tBuXPhos,
111,CN(C)/C(N(C)C)=N\C(C)(C)C,CC(C)C1=CC(C(C)C)=CC(C(C)C)=C1C2=C(P(C3CCCCC3)C4CCCCC4)C=CC=C2,CCc1ccc(Cl)cc1,CCOC(=O)c1onc(C)c1,CCc1ccc(Nc2ccc(C)cc2)cc1,0.705195152,a3,s7,BTMG,XPhos,
2826,CN1CCCN2CCCN=C12,CC(C1=C(C2=C(OC)C=CC(OC)=C2P(C34CC5CC(C4)CC(C5)C3)C67CC8CC(C7)CC(C8)C6)C(C(C)C)=CC(C(C)C)=C1)C,CCc1ccc(Cl)cc1,C(N(Cc1ccccc1)c2ccon2)c3ccccc3,CCc1ccc(Nc2ccc(C)cc2)cc1,2.579355469,a15,s7,MTBD,AdBrettPhos,
2976,CN(C)P(N(C)C)(N(C)C)=NP(N(C)C)(N(C)C)=NCC,CC(C)C1=CC(C(C)C)=CC(C(C)C)=C1C2=C(P(C3CCCCC3)C4CCCCC4)C=CC=C2,CCc1ccc(Cl)cc1,Cc1onc(c1)n2cccc2,CCc1ccc(Nc2ccc(C)cc2)cc1,11.25218088,a19,s7,P2Et,XPhos,
696,CN(C)/C(N(C)C)=N\C(C)(C)C,CC(C1=C(C2=C(OC)C=CC(OC)=C2P(C34CC5CC(C4)CC(C5)C3)C67CC8CC(C7)CC(C8)C6)C(C(C)C)=CC(C(C)C)=C1)C,CCc1ccc(Cl)cc1,CCOC(=O)c1cc(C)on1,CCc1ccc(Nc2ccc(C)cc2)cc1,0.778234105,a4,s7,BTMG,AdBrettPhos,
3066,CN(C)P(N(C)C)(N(C)C)=NP(N(C)C)(N(C)C)=NCC,CC(C)C(C=C(C(C)C)C=C1C(C)C)=C1C2=CC=CC=C2P(C(C)(C)C)C(C)(C)C,CCc1ccc(Cl)cc1,Fc1cccc(F)c1c2oncc2,CCc1ccc(Nc2ccc(C)cc2)cc1,7.108204477,a17,s7,P2Et,tBuXPhos,
2586,CN(C)/C(N(C)C)=N\C(C)(C)C,CC(C)C1=CC(C(C)C)=CC(C(C)C)=C1C2=C(P(C(C)(C)C)C(C)(C)C)C(OC)=CC=C2OC,CCc1ccc(Cl)cc1,Cc1cc(on1)c2ccccc2,CCc1ccc(Nc2ccc(C)cc2)cc1,4.7108856,a14,s7,BTMG,tBuBrettPhos,
921,CN(C)/C(N(C)C)=N\C(C)(C)C,CC(C)C(C=C(C(C)C)C=C1C(C)C)=C1C2=CC=CC=C2P(C(C)(C)C)C(C)(C)C,CCc1ccc(Cl)cc1,Cc1oncc1,CCc1ccc(Nc2ccc(C)cc2)cc1,1.095223411,a5,s7,BTMG,tBuXPhos,
3021,CN(C)P(N(C)C)(N(C)C)=NP(N(C)C)(N(C)C)=NCC,CC(C)C1=CC(C(C)C)=CC(C(C)C)=C1C2=C(P(C3CCCCC3)C4CCCCC4)C=CC=C2,CCc1ccc(Cl)cc1,COC(=O)c1cc(on1)c2sccc2,CCc1ccc(Nc2ccc(C)cc2)cc1,0.566845941,a20,s7,P2Et,XPhos,
306,CN1CCCN2CCCN=C12,CC(C)C(C=C(C(C)C)C=C1C(C)C)=C1C2=CC=CC=C2P(C(C)(C)C)C(C)(C)C,CCc1ccc(Cl)cc1,CCOC(=O)c1onc(C)c1,CCc1ccc(Nc2ccc(C)cc2)cc1,0.646778821,a3,s7,MTBD,tBuXPhos,
3456,CN1CCCN2CCCN=C12,CC(C1=C(C2=C(OC)C=CC(OC)=C2P(C34CC5CC(C4)CC(C5)C3)C67CC8CC(C7)CC(C8)C6)C(C(C)C)=CC(C(C)C)=C1)C,CCc1ccc(Cl)cc1,Fc1cccc(F)c1c2oncc2,CCc1ccc(Nc2ccc(C)cc2)cc1,0.727174946,a17,s7,MTBD,AdBrettPhos,
2076,CN(C)P(N(C)C)(N(C)C)=NP(N(C)C)(N(C)C)=NCC,CC(C1=C(C2=C(OC)C=CC(OC)=C2P(C34CC5CC(C4)CC(C5)C3)C67CC8CC(C7)CC(C8)C6)C(C(C)C)=CC(C(C)C)=C1)C,CCc1ccc(Cl)cc1,CCOC(=O)c1conc1,CCc1ccc(Nc2ccc(C)cc2)cc1,0,a11,s7,P2Et,AdBrettPhos,
1731,CN(C)/C(N(C)C)=N\C(C)(C)C,CC(C)C(C=C(C(C)C)C=C1C(C)C)=C1C2=CC=CC=C2P(C(C)(C)C)C(C)(C)C,CCc1ccc(Cl)cc1,CCOC(=O)c1conc1,CCc1ccc(Nc2ccc(C)cc2)cc1,0.518126221,a11,s7,BTMG,tBuXPhos,
3171,CN(C)/C(N(C)C)=N\C(C)(C)C,CC(C)C(C=C(C(C)C)C=C1C(C)C)=C1C2=CC=CC=C2P(C(C)(C)C)C(C)(C)C,CCc1ccc(Cl)cc1,Cc1onc(c1)n2cccc2,CCc1ccc(Nc2ccc(C)cc2)cc1,3.311093961,a19,s7,BTMG,tBuXPhos,
1071,CN1CCCN2CCCN=C12,CC(C)C(C=C(C(C)C)C=C1C(C)C)=C1C2=CC=CC=C2P(C(C)(C)C)C(C)(C)C,CCc1ccc(Cl)cc1,COC(=O)c1oncc1,CCc1ccc(Nc2ccc(C)cc2)cc1,16.12823791,a8,s7,MTBD,tBuXPhos,
2901,CN(C)/C(N(C)C)=N\C(C)(C)C,CC(C)C1=CC(C(C)C)=CC(C(C)C)=C1C2=C(P(C3CCCCC3)C4CCCCC4)C=CC=C2,CCc1ccc(Cl)cc1,Fc1cccc(F)c1c2oncc2,CCc1ccc(Nc2ccc(C)cc2)cc1,1.896990139,a17,s7,BTMG,XPhos,
546,CN(C)P(N(C)C)(N(C)C)=NP(N(C)C)(N(C)C)=NCC,CC(C1=C(C2=C(OC)C=CC(OC)=C2P(C34CC5CC(C4)CC(C5)C3)C67CC8CC(C7)CC(C8)C6)C(C(C)C)=CC(C(C)C)=C1)C,CCc1ccc(Cl)cc1,none,CCc1ccc(Nc2ccc(C)cc2)cc1,5.746329101,a1,s7,P2Et,AdBrettPhos,
3441,CN(C)/C(N(C)C)=N\C(C)(C)C,CC(C1=C(C2=C(OC)C=CC(OC)=C2P(C34CC5CC(C4)CC(C5)C3)C67CC8CC(C7)CC(C8)C6)C(C(C)C)=CC(C(C)C)=C1)C,CCc1ccc(Cl)cc1,Fc1cccc(F)c1c2oncc2,CCc1ccc(Nc2ccc(C)cc2)cc1,0.648980669,a17,s7,BTMG,AdBrettPhos,
1326,CN(C)/C(N(C)C)=N\C(C)(C)C,CC(C1=C(C2=C(OC)C=CC(OC)=C2P(C34CC5CC(C4)CC(C5)C3)C67CC8CC(C7)CC(C8)C6)C(C(C)C)=CC(C(C)C)=C1)C,CCc1ccc(Cl)cc1,o1cc2ccccc2n1,CCc1ccc(Nc2ccc(C)cc2)cc1,0,a6,s7,BTMG,AdBrettPhos,
51,CN(C)P(N(C)C)(N(C)C)=NP(N(C)C)(N(C)C)=NCC,CC(C)C1=CC(C(C)C)=CC(C(C)C)=C1C2=C(P(C3CCCCC3)C4CCCCC4)C=CC=C2,CCc1ccc(Cl)cc1,o1nccc1c2ccccc2,CCc1ccc(Nc2ccc(C)cc2)cc1,7.802080337,a2,s7,P2Et,XPhos,
1131,CN(C)P(N(C)C)(N(C)C)=NP(N(C)C)(N(C)C)=NCC,CC(C)C1=CC(C(C)C)=CC(C(C)C)=C1C2=C(P(C(C)(C)C)C(C)(C)C)C(OC)=CC=C2OC,CCc1ccc(Cl)cc1,o1cc2ccccc2n1,CCc1ccc(Nc2ccc(C)cc2)cc1,1.034854608,a6,s7,P2Et,tBuBrettPhos,
2406,CN(C)/C(N(C)C)=N\C(C)(C)C,CC(C)C(C=C(C(C)C)C=C1C(C)C)=C1C2=CC=CC=C2P(C(C)(C)C)C(C)(C)C,CCc1ccc(Cl)cc1,Cc1cc(on1)c2ccccc2,CCc1ccc(Nc2ccc(C)cc2)cc1,3.373624056,a14,s7,BTMG,tBuXPhos,
606,CN(C)/C(N(C)C)=N\C(C)(C)C,CC(C1=C(C2=C(OC)C=CC(OC)=C2P(C34CC5CC(C4)CC(C5)C3)C67CC8CC(C7)CC(C8)C6)C(C(C)C)=CC(C(C)C)=C1)C,CCc1ccc(Cl)cc1,o1nccc1c2ccccc2,CCc1ccc(Nc2ccc(C)cc2)cc1,0.57693322,a2,s7,BTMG,AdBrettPhos,
1296,CN1CCCN2CCCN=C12,CC(C1=C(C2=C(OC)C=CC(OC)=C2P(C34CC5CC(C4)CC(C5)C3)C67CC8CC(C7)CC(C8)C6)C(C(C)C)=CC(C(C)C)=C1)C,CCc1ccc(Cl)cc1,Cc1oncc1,CCc1ccc(Nc2ccc(C)cc2)cc1,1.379250532,a5,s7,MTBD,AdBrettPhos,
891,CN1CCCN2CCCN=C12,CC(C)C1=CC(C(C)C)=CC(C(C)C)=C1C2=C(P(C3CCCCC3)C4CCCCC4)C=CC=C2,CCc1ccc(Cl)cc1,COC(=O)c1oncc1,CCc1ccc(Nc2ccc(C)cc2)cc1,3.462173057,a8,s7,MTBD,XPhos,
2871,CN1CCCN2CCCN=C12,CC(C1=C(C2=C(OC)C=CC(OC)=C2P(C34CC5CC(C4)CC(C5)C3)C67CC8CC(C7)CC(C8)C6)C(C(C)C)=CC(C(C)C)=C1)C,CCc1ccc(Cl)cc1,COC(=O)c1cc(on1)c2occc2,CCc1ccc(Nc2ccc(C)cc2)cc1,0.490842961,a16,s7,MTBD,AdBrettPhos,
231,CN(C)P(N(C)C)(N(C)C)=NP(N(C)C)(N(C)C)=NCC,CC(C)C(C=C(C(C)C)C=C1C(C)C)=C1C2=CC=CC=C2P(C(C)(C)C)C(C)(C)C,CCc1ccc(Cl)cc1,o1nccc1c2ccccc2,CCc1ccc(Nc2ccc(C)cc2)cc1,7.641917878,a2,s7,P2Et,tBuXPhos,
3546,CN1CCCN2CCCN=C12,CC(C1=C(C2=C(OC)C=CC(OC)=C2P(C34CC5CC(C4)CC(C5)C3)C67CC8CC(C7)CC(C8)C6)C(C(C)C)=CC(C(C)C)=C1)C,CCc1ccc(Cl)cc1,Cc1onc(c1)n2cccc2,CCc1ccc(Nc2ccc(C)cc2)cc1,1.342248202,a19,s7,MTBD,AdBrettPhos,
1026,CN1CCCN2CCCN=C12,CC(C)C(C=C(C(C)C)C=C1C(C)C)=C1C2=CC=CC=C2P(C(C)(C)C)C(C)(C)C,CCc1ccc(Cl)cc1,Cc1onc(C)c1,CCc1ccc(Nc2ccc(C)cc2)cc1,5.620589612,a7,s7,MTBD,tBuXPhos,
2346,CN(C)P(N(C)C)(N(C)C)=NP(N(C)C)(N(C)C)=NCC,CC(C)C(C=C(C(C)C)C=C1C(C)C)=C1C2=CC=CC=C2P(C(C)(C)C)C(C)(C)C,CCc1ccc(Cl)cc1,CCOC(=O)c1onc(OC)c1,CCc1ccc(Nc2ccc(C)cc2)cc1,10.90397812,a13,s7,P2Et,tBuXPhos,
3396,CN(C)/C(N(C)C)=N\C(C)(C)C,CC(C)C1=CC(C(C)C)=CC(C(C)C)=C1C2=C(P(C(C)(C)C)C(C)(C)C)C(OC)=CC=C2OC,CCc1ccc(Cl)cc1,COC(=O)c1cc(on1)c2sccc2,CCc1ccc(Nc2ccc(C)cc2)cc1,4.12761042,a20,s7,BTMG,tBuBrettPhos,
2316,CN(C)/C(N(C)C)=N\C(C)(C)C,CC(C)C1=CC(C(C)C)=CC(C(C)C)=C1C2=C(P(C3CCCCC3)C4CCCCC4)C=CC=C2,CCc1ccc(Cl)cc1,COC(=O)c1cc(on1)c2occc2,CCc1ccc(Nc2ccc(C)cc2)cc1,0.72962294,a16,s7,BTMG,XPhos,
1446,CN(C)P(N(C)C)(N(C)C)=NP(N(C)C)(N(C)C)=NCC,CC(C)C1=CC(C(C)C)=CC(C(C)C)=C1C2=C(P(C3CCCCC3)C4CCCCC4)C=CC=C2,CCc1ccc(Cl)cc1,CCOC(=O)c1ccon1,CCc1ccc(Nc2ccc(C)cc2)cc1,0,a9,s7,P2Et,XPhos,
3486,CN(C)/C(N(C)C)=N\C(C)(C)C,CC(C1=C(C2=C(OC)C=CC(OC)=C2P(C34CC5CC(C4)CC(C5)C3)C67CC8CC(C7)CC(C8)C6)C(C(C)C)=CC(C(C)C)=C1)C,CCc1ccc(Cl)cc1,C(N(Cc1ccccc1)c2oncc2)c3ccccc3,CCc1ccc(Nc2ccc(C)cc2)cc1,0.995077613,a18,s7,BTMG,AdBrettPhos,
1431,CN1CCCN2CCCN=C12,CC(C1=C(C2=C(OC)C=CC(OC)=C2P(C34CC5CC(C4)CC(C5)C3)C67CC8CC(C7)CC(C8)C6)C(C(C)C)=CC(C(C)C)=C1)C,CCc1ccc(Cl)cc1,COC(=O)c1oncc1,CCc1ccc(Nc2ccc(C)cc2)cc1,2.373221649,a8,s7,MTBD,AdBrettPhos,
1356,CN(C)P(N(C)C)(N(C)C)=NP(N(C)C)(N(C)C)=NCC,CC(C1=C(C2=C(OC)C=CC(OC)=C2P(C34CC5CC(C4)CC(C5)C3)C67CC8CC(C7)CC(C8)C6)C(C(C)C)=CC(C(C)C)=C1)C,CCc1ccc(Cl)cc1,Cc1onc(C)c1,CCc1ccc(Nc2ccc(C)cc2)cc1,0.66547915,a7,s7,P2Et,AdBrettPhos,
981,CN1CCCN2CCCN=C12,CC(C)C(C=C(C(C)C)C=C1C(C)C)=C1C2=CC=CC=C2P(C(C)(C)C)C(C)(C)C,CCc1ccc(Cl)cc1,o1cc2ccccc2n1,CCc1ccc(Nc2ccc(C)cc2)cc1,0,a6,s7,MTBD,tBuXPhos,
2886,CN(C)P(N(C)C)(N(C)C)=NP(N(C)C)(N(C)C)=NCC,CC(C)C1=CC(C(C)C)=CC(C(C)C)=C1C2=C(P(C3CCCCC3)C4CCCCC4)C=CC=C2,CCc1ccc(Cl)cc1,Fc1cccc(F)c1c2oncc2,CCc1ccc(Nc2ccc(C)cc2)cc1,7.713999512,a17,s7,P2Et,XPhos,
1251,CN1CCCN2CCCN=C12,CC(C)C1=CC(C(C)C)=CC(C(C)C)=C1C2=C(P(C(C)(C)C)C(C)(C)C)C(OC)=CC=C2OC,CCc1ccc(Cl)cc1,COC(=O)c1oncc1,CCc1ccc(Nc2ccc(C)cc2)cc1,12.47762059,a8,s7,MTBD,tBuBrettPhos,
456,CN(C)P(N(C)C)(N(C)C)=NP(N(C)C)(N(C)C)=NCC,CC(C)C1=CC(C(C)C)=CC(C(C)C)=C1C2=C(P(C(C)(C)C)C(C)(C)C)C(OC)=CC=C2OC,CCc1ccc(Cl)cc1,CCOC(=O)c1onc(C)c1,CCc1ccc(Nc2ccc(C)cc2)cc1,0.910655456,a3,s7,P2Et,tBuBrettPhos,
3111,CN(C)P(N(C)C)(N(C)C)=NP(N(C)C)(N(C)C)=NCC,CC(C)C(C=C(C(C)C)C=C1C(C)C)=C1C2=CC=CC=C2P(C(C)(C)C)C(C)(C)C,CCc1ccc(Cl)cc1,C(N(Cc1ccccc1)c2oncc2)c3ccccc3,CCc1ccc(Nc2ccc(C)cc2)cc1,6.581266653,a18,s7,P2Et,tBuXPhos,
2991,CN(C)/C(N(C)C)=N\C(C)(C)C,CC(C)C1=CC(C(C)C)=CC(C(C)C)=C1C2=C(P(C3CCCCC3)C4CCCCC4)C=CC=C2,CCc1ccc(Cl)cc1,Cc1onc(c1)n2cccc2,CCc1ccc(Nc2ccc(C)cc2)cc1,5.821778044,a19,s7,BTMG,XPhos,
2751,CN(C)P(N(C)C)(N(C)C)=NP(N(C)C)(N(C)C)=NCC,CC(C1=C(C2=C(OC)C=CC(OC)=C2P(C34CC5CC(C4)CC(C5)C3)C67CC8CC(C7)CC(C8)C6)C(C(C)C)=CC(C(C)C)=C1)C,CCc1ccc(Cl)cc1,Cc1cc(on1)c2ccccc2,CCc1ccc(Nc2ccc(C)cc2)cc1,0,a14,s7,P2Et,AdBrettPhos,
591,CN(C)P(N(C)C)(N(C)C)=NP(N(C)C)(N(C)C)=NCC,CC(C1=C(C2=C(OC)C=CC(OC)=C2P(C34CC5CC(C4)CC(C5)C3)C67CC8CC(C7)CC(C8)C6)C(C(C)C)=CC(C(C)C)=C1)C,CCc1ccc(Cl)cc1,o1nccc1c2ccccc2,CCc1ccc(Nc2ccc(C)cc2)cc1,3.595206135,a2,s7,P2Et,AdBrettPhos,
66,CN(C)/C(N(C)C)=N\C(C)(C)C,CC(C)C1=CC(C(C)C)=CC(C(C)C)=C1C2=C(P(C3CCCCC3)C4CCCCC4)C=CC=C2,CCc1ccc(Cl)cc1,o1nccc1c2ccccc2,CCc1ccc(Nc2ccc(C)cc2)cc1,2.84616447,a2,s7,BTMG,XPhos,
2391,CN(C)P(N(C)C)(N(C)C)=NP(N(C)C)(N(C)C)=NCC,CC(C)C(C=C(C(C)C)C=C1C(C)C)=C1C2=CC=CC=C2P(C(C)(C)C)C(C)(C)C,CCc1ccc(Cl)cc1,Cc1cc(on1)c2ccccc2,CCc1ccc(Nc2ccc(C)cc2)cc1,9.850315112,a14,s7,P2Et,tBuXPhos,
1761,CN(C)P(N(C)C)(N(C)C)=NP(N(C)C)(N(C)C)=NCC,CC(C)C(C=C(C(C)C)C=C1C(C)C)=C1C2=CC=CC=C2P(C(C)(C)C)C(C)(C)C,CCc1ccc(Cl)cc1,o1ncc2ccccc12,CCc1ccc(Nc2ccc(C)cc2)cc1,5.628261366,a12,s7,P2Et,tBuXPhos,
2571,CN(C)P(N(C)C)(N(C)C)=NP(N(C)C)(N(C)C)=NCC,CC(C)C1=CC(C(C)C)=CC(C(C)C)=C1C2=C(P(C(C)(C)C)C(C)(C)C)C(OC)=CC=C2OC,CCc1ccc(Cl)cc1,Cc1cc(on1)c2ccccc2,CCc1ccc(Nc2ccc(C)cc2)cc1,7.810317963,a14,s7,P2Et,tBuBrettPhos,
771,CN(C)P(N(C)C)(N(C)C)=NP(N(C)C)(N(C)C)=NCC,CC(C)C1=CC(C(C)C)=CC(C(C)C)=C1C2=C(P(C3CCCCC3)C4CCCCC4)C=CC=C2,CCc1ccc(Cl)cc1,o1cc2ccccc2n1,CCc1ccc(Nc2ccc(C)cc2)cc1,0.689951869,a6,s7,P2Et,XPhos,
1566,CN1CCCN2CCCN=C12,CC(C)C1=CC(C(C)C)=CC(C(C)C)=C1C2=C(P(C3CCCCC3)C4CCCCC4)C=CC=C2,CCc1ccc(Cl)cc1,CCOC(=O)c1conc1,CCc1ccc(Nc2ccc(C)cc2)cc1,3.525705852,a11,s7,MTBD,XPhos,
1341,CN1CCCN2CCCN=C12,CC(C1=C(C2=C(OC)C=CC(OC)=C2P(C34CC5CC(C4)CC(C5)C3)C67CC8CC(C7)CC(C8)C6)C(C(C)C)=CC(C(C)C)=C1)C,CCc1ccc(Cl)cc1,o1cc2ccccc2n1,CCc1ccc(Nc2ccc(C)cc2)cc1,0,a6,s7,MTBD,AdBrettPhos,
6,CN(C)P(N(C)C)(N(C)C)=NP(N(C)C)(N(C)C)=NCC,CC(C)C1=CC(C(C)C)=CC(C(C)C)=C1C2=C(P(C3CCCCC3)C4CCCCC4)C=CC=C2,CCc1ccc(Cl)cc1,none,CCc1ccc(Nc2ccc(C)cc2)cc1,26.62339329,a1,s7,P2Et,XPhos,
501,CN(C)P(N(C)C)(N(C)C)=NP(N(C)C)(N(C)C)=NCC,CC(C)C1=CC(C(C)C)=CC(C(C)C)=C1C2=C(P(C(C)(C)C)C(C)(C)C)C(OC)=CC=C2OC,CCc1ccc(Cl)cc1,CCOC(=O)c1cc(C)on1,CCc1ccc(Nc2ccc(C)cc2)cc1,0.858974836,a4,s7,P2Et,tBuBrettPhos,
651,CN(C)/C(N(C)C)=N\C(C)(C)C,CC(C1=C(C2=C(OC)C=CC(OC)=C2P(C34CC5CC(C4)CC(C5)C3)C67CC8CC(C7)CC(C8)C6)C(C(C)C)=CC(C(C)C)=C1)C,CCc1ccc(Cl)cc1,CCOC(=O)c1onc(C)c1,CCc1ccc(Nc2ccc(C)cc2)cc1,0,a3,s7,BTMG,AdBrettPhos,
3201,CN(C)P(N(C)C)(N(C)C)=NP(N(C)C)(N(C)C)=NCC,CC(C)C(C=C(C(C)C)C=C1C(C)C)=C1C2=CC=CC=C2P(C(C)(C)C)C(C)(C)C,CCc1ccc(Cl)cc1,COC(=O)c1cc(on1)c2sccc2,CCc1ccc(Nc2ccc(C)cc2)cc1,0.860295656,a20,s7,P2Et,tBuXPhos,
1311,CN(C)P(N(C)C)(N(C)C)=NP(N(C)C)(N(C)C)=NCC,CC(C1=C(C2=C(OC)C=CC(OC)=C2P(C34CC5CC(C4)CC(C5)C3)C67CC8CC(C7)CC(C8)C6)C(C(C)C)=CC(C(C)C)=C1)C,CCc1ccc(Cl)cc1,o1cc2ccccc2n1,CCc1ccc(Nc2ccc(C)cc2)cc1,0.836644888,a6,s7,P2Et,AdBrettPhos,
2091,CN(C)/C(N(C)C)=N\C(C)(C)C,CC(C1=C(C2=C(OC)C=CC(OC)=C2P(C34CC5CC(C4)CC(C5)C3)C67CC8CC(C7)CC(C8)C6)C(C(C)C)=CC(C(C)C)=C1)C,CCc1ccc(Cl)cc1,CCOC(=O)c1conc1,CCc1ccc(Nc2ccc(C)cc2)cc1,0,a11,s7,BTMG,AdBrettPhos,
2421,CN1CCCN2CCCN=C12,CC(C)C(C=C(C(C)C)C=C1C(C)C)=C1C2=CC=CC=C2P(C(C)(C)C)C(C)(C)C,CCc1ccc(Cl)cc1,Cc1cc(on1)c2ccccc2,CCc1ccc(Nc2ccc(C)cc2)cc1,3.864236463,a14,s7,MTBD,tBuXPhos,
2361,CN(C)/C(N(C)C)=N\C(C)(C)C,CC(C)C(C=C(C(C)C)C=C1C(C)C)=C1C2=CC=CC=C2P(C(C)(C)C)C(C)(C)C,CCc1ccc(Cl)cc1,CCOC(=O)c1onc(OC)c1,CCc1ccc(Nc2ccc(C)cc2)cc1,1.358946967,a13,s7,BTMG,tBuXPhos,
1086,CN(C)P(N(C)C)(N(C)C)=NP(N(C)C)(N(C)C)=NCC,CC(C)C1=CC(C(C)C)=CC(C(C)C)=C1C2=C(P(C(C)(C)C)C(C)(C)C)C(OC)=CC=C2OC,CCc1ccc(Cl)cc1,Cc1oncc1,CCc1ccc(Nc2ccc(C)cc2)cc1,2.658633939,a5,s7,P2Et,tBuBrettPhos,
2436,CN(C)P(N(C)C)(N(C)C)=NP(N(C)C)(N(C)C)=NCC,CC(C)C(C=C(C(C)C)C=C1C(C)C)=C1C2=CC=CC=C2P(C(C)(C)C)C(C)(C)C,CCc1ccc(Cl)cc1,C(N(Cc1ccccc1)c2ccon2)c3ccccc3,CCc1ccc(Nc2ccc(C)cc2)cc1,9.771808987,a15,s7,P2Et,tBuXPhos,
3246,CN(C)P(N(C)C)(N(C)C)=NP(N(C)C)(N(C)C)=NCC,CC(C)C1=CC(C(C)C)=CC(C(C)C)=C1C2=C(P(C(C)(C)C)C(C)(C)C)C(OC)=CC=C2OC,CCc1ccc(Cl)cc1,Fc1cccc(F)c1c2oncc2,CCc1ccc(Nc2ccc(C)cc2)cc1,12.28165388,a17,s7,P2Et,tBuBrettPhos,
3561,CN(C)P(N(C)C)(N(C)C)=NP(N(C)C)(N(C)C)=NCC,CC(C1=C(C2=C(OC)C=CC(OC)=C2P(C34CC5CC(C4)CC(C5)C3)C67CC8CC(C7)CC(C8)C6)C(C(C)C)=CC(C(C)C)=C1)C,CCc1ccc(Cl)cc1,COC(=O)c1cc(on1)c2sccc2,CCc1ccc(Nc2ccc(C)cc2)cc1,0,a20,s7,P2Et,AdBrettPhos,
516,CN(C)/C(N(C)C)=N\C(C)(C)C,CC(C)C1=CC(C(C)C)=CC(C(C)C)=C1C2=C(P(C(C)(C)C)C(C)(C)C)C(OC)=CC=C2OC,CCc1ccc(Cl)cc1,CCOC(=O)c1cc(C)on1,CCc1ccc(Nc2ccc(C)cc2)cc1,1.497954505,a4,s7,BTMG,tBuBrettPhos,
801,CN1CCCN2CCCN=C12,CC(C)C1=CC(C(C)C)=CC(C(C)C)=C1C2=C(P(C3CCCCC3)C4CCCCC4)C=CC=C2,CCc1ccc(Cl)cc1,o1cc2ccccc2n1,CCc1ccc(Nc2ccc(C)cc2)cc1,0,a6,s7,MTBD,XPhos,
1881,CN1CCCN2CCCN=C12,CC(C)C1=CC(C(C)C)=CC(C(C)C)=C1C2=C(P(C(C)(C)C)C(C)(C)C)C(OC)=CC=C2OC,CCc1ccc(Cl)cc1,CCOC(=O)c1cnoc1C,CCc1ccc(Nc2ccc(C)cc2)cc1,7.689322987,a10,s7,MTBD,tBuBrettPhos,
2466,CN1CCCN2CCCN=C12,CC(C)C(C=C(C(C)C)C=C1C(C)C)=C1C2=CC=CC=C2P(C(C)(C)C)C(C)(C)C,CCc1ccc(Cl)cc1,C(N(Cc1ccccc1)c2ccon2)c3ccccc3,CCc1ccc(Nc2ccc(C)cc2)cc1,5.460903942,a15,s7,MTBD,tBuXPhos,
1806,CN(C)P(N(C)C)(N(C)C)=NP(N(C)C)(N(C)C)=NCC,CC(C)C1=CC(C(C)C)=CC(C(C)C)=C1C2=C(P(C(C)(C)C)C(C)(C)C)C(OC)=CC=C2OC,CCc1ccc(Cl)cc1,CCOC(=O)c1ccon1,CCc1ccc(Nc2ccc(C)cc2)cc1,9.08121194,a9,s7,P2Et,tBuBrettPhos,
2631,CN(C)/C(N(C)C)=N\C(C)(C)C,CC(C)C1=CC(C(C)C)=CC(C(C)C)=C1C2=C(P(C(C)(C)C)C(C)(C)C)C(OC)=CC=C2OC,CCc1ccc(Cl)cc1,C(N(Cc1ccccc1)c2ccon2)c3ccccc3,CCc1ccc(Nc2ccc(C)cc2)cc1,7.74850436,a15,s7,BTMG,tBuBrettPhos,
3411,CN1CCCN2CCCN=C12,CC(C)C1=CC(C(C)C)=CC(C(C)C)=C1C2=C(P(C(C)(C)C)C(C)(C)C)C(OC)=CC=C2OC,CCc1ccc(Cl)cc1,COC(=O)c1cc(on1)c2sccc2,CCc1ccc(Nc2ccc(C)cc2)cc1,4.225486824,a20,s7,MTBD,tBuBrettPhos,
3081,CN(C)/C(N(C)C)=N\C(C)(C)C,CC(C)C(C=C(C(C)C)C=C1C(C)C)=C1C2=CC=CC=C2P(C(C)(C)C)C(C)(C)C,CCc1ccc(Cl)cc1,Fc1cccc(F)c1c2oncc2,CCc1ccc(Nc2ccc(C)cc2)cc1,1.257407502,a17,s7,BTMG,tBuXPhos,
2046,CN(C)/C(N(C)C)=N\C(C)(C)C,CC(C1=C(C2=C(OC)C=CC(OC)=C2P(C34CC5CC(C4)CC(C5)C3)C67CC8CC(C7)CC(C8)C6)C(C(C)C)=CC(C(C)C)=C1)C,CCc1ccc(Cl)cc1,CCOC(=O)c1cnoc1C,CCc1ccc(Nc2ccc(C)cc2)cc1,0,a10,s7,BTMG,AdBrettPhos,
3366,CN1CCCN2CCCN=C12,CC(C)C1=CC(C(C)C)=CC(C(C)C)=C1C2=C(P(C(C)(C)C)C(C)(C)C)C(OC)=CC=C2OC,CCc1ccc(Cl)cc1,Cc1onc(c1)n2cccc2,CCc1ccc(Nc2ccc(C)cc2)cc1,9.293896224,a19,s7,MTBD,tBuBrettPhos,
1641,CN(C)/C(N(C)C)=N\C(C)(C)C,CC(C)C(C=C(C(C)C)C=C1C(C)C)=C1C2=CC=CC=C2P(C(C)(C)C)C(C)(C)C,CCc1ccc(Cl)cc1,CCOC(=O)c1ccon1,CCc1ccc(Nc2ccc(C)cc2)cc1,2.408749938,a9,s7,BTMG,tBuXPhos,
336,CN(C)/C(N(C)C)=N\C(C)(C)C,CC(C)C(C=C(C(C)C)C=C1C(C)C)=C1C2=CC=CC=C2P(C(C)(C)C)C(C)(C)C,CCc1ccc(Cl)cc1,CCOC(=O)c1cc(C)on1,CCc1ccc(Nc2ccc(C)cc2)cc1,2.74612364,a4,s7,BTMG,tBuXPhos,
1281,CN(C)/C(N(C)C)=N\C(C)(C)C,CC(C1=C(C2=C(OC)C=CC(OC)=C2P(C34CC5CC(C4)CC(C5)C3)C67CC8CC(C7)CC(C8)C6)C(C(C)C)=CC(C(C)C)=C1)C,CCc1ccc(Cl)cc1,Cc1oncc1,CCc1ccc(Nc2ccc(C)cc2)cc1,0.375286042,a5,s7,BTMG,AdBrettPhos,
156,CN(C)/C(N(C)C)=N\C(C)(C)C,CC(C)C1=CC(C(C)C)=CC(C(C)C)=C1C2=C(P(C3CCCCC3)C4CCCCC4)C=CC=C2,CCc1ccc(Cl)cc1,CCOC(=O)c1cc(C)on1,CCc1ccc(Nc2ccc(C)cc2)cc1,4.179760101,a4,s7,BTMG,XPhos,
2241,CN1CCCN2CCCN=C12,CC(C)C1=CC(C(C)C)=CC(C(C)C)=C1C2=C(P(C3CCCCC3)C4CCCCC4)C=CC=C2,CCc1ccc(Cl)cc1,Cc1cc(on1)c2ccccc2,CCc1ccc(Nc2ccc(C)cc2)cc1,2.217163117,a14,s7,MTBD,XPhos,
1221,CN(C)P(N(C)C)(N(C)C)=NP(N(C)C)(N(C)C)=NCC,CC(C)C1=CC(C(C)C)=CC(C(C)C)=C1C2=C(P(C(C)(C)C)C(C)(C)C)C(OC)=CC=C2OC,CCc1ccc(Cl)cc1,COC(=O)c1oncc1,CCc1ccc(Nc2ccc(C)cc2)cc1,3.257714985,a8,s7,P2Et,tBuBrettPhos,
1911,CN(C)/C(N(C)C)=N\C(C)(C)C,CC(C)C1=CC(C(C)C)=CC(C(C)C)=C1C2=C(P(C(C)(C)C)C(C)(C)C)C(OC)=CC=C2OC,CCc1ccc(Cl)cc1,CCOC(=O)c1conc1,CCc1ccc(Nc2ccc(C)cc2)cc1,0.855112472,a11,s7,BTMG,tBuBrettPhos,
2376,CN1CCCN2CCCN=C12,CC(C)C(C=C(C(C)C)C=C1C(C)C)=C1C2=CC=CC=C2P(C(C)(C)C)C(C)(C)C,CCc1ccc(Cl)cc1,CCOC(=O)c1onc(OC)c1,CCc1ccc(Nc2ccc(C)cc2)cc1,1.442502721,a13,s7,MTBD,tBuXPhos,
381,CN(C)/C(N(C)C)=N\C(C)(C)C,CC(C)C1=CC(C(C)C)=CC(C(C)C)=C1C2=C(P(C(C)(C)C)C(C)(C)C)C(OC)=CC=C2OC,CCc1ccc(Cl)cc1,none,CCc1ccc(Nc2ccc(C)cc2)cc1,2.85991864,a1,s7,BTMG,tBuBrettPhos,
